1,1,556,145,30,1225.78377397947,954.0950601557997,0.33367088498893155,,2-3-4-5-6-7
1,2,193,136,32,1345.55451849689,836.4912603144908,0.42172764137278196,1,3-4-5-6-7
1,3,33,130,58,1477.4485993208345,784.9447909314806,0.4801848068512685,2-1,4-5-6-7
1,4,20,144,24,1419.8037027513387,527.3192507561672,0.44023001696080655,3-2-1,5-6-7
1,5,195,144,82,1259.1038716970525,817.8095745058362,0.45173603358954395,4-3-2-1,6-7
1,6,21,135,49,1125.8466444798623,895.456846871828,0.46152074281531924,5-4-3-2-1,7
1,7,9,144,90,1454.7890460271776,830.7586056700443,0.40852707993212356,6-5-4-3-2-1,
2,1,545,150,56,1066.1761506743499,509.2762696120178,0.42338384494606435,,2-3-4-5-6-7
2,2,200,139,80,1486.6177328356885,975.6302258446849,0.37195833817473123,1,3-4-5-6-7
2,3,35,130,61,1428.2776208656273,751.7998780953517,0.44714179335520976,2-1,4-5-6-7
2,4,18,137,20,1194.9132091296099,930.7448453061579,0.46889685385290025,3-2-1,5-6-7
2,5,197,142,55,1201.9859016344085,987.3949077403265,0.4522948943396155,4-3-2-1,6-7
2,6,28,147,61,1186.3708646676864,636.2587225332109,0.3346063153959625,5-4-3-2-1,7
2,7,7,146,26,1323.7138215192901,678.3658449394277,0.3984602271901292,6-5-4-3-2-1,
3,1,591,139,55,1020.6672490800916,729.5404681143906,0.3430479635138245,,2-3-4-5-6-7
3,2,197,140,55,1093.6345143717595,524.5984752921248,0.43218580317994726,1,3-4-5-6-7
3,3,46,139,63,1347.4111694506382,996.9244934265951,0.4018998163381239,2-1,4-5-6-7
3,4,20,134,80,1471.54327240299,824.7916384931509,0.44462889287986007,3-2-1,5-6-7
3,5,194,143,77,1482.9817664957602,788.0861009565467,0.4418858903822314,4-3-2-1,6-7
3,6,29,131,68,1089.6642206663337,949.3422467616474,0.4038257975116413,5-4-3-2-1,7
3,7,9,149,46,1492.176181468894,559.3753807565747,0.49039016539115365,6-5-4-3-2-1,
4,1,549,141,40,1472.8807376538327,591.7706082053188,0.30162392834302654,,2-3-4-5-6-7
4,2,174,139,56,1065.444322803511,650.8726952402982,0.4915984385688781,1,3-4-5-6-7
4,3,50,138,44,1332.592225611506,611.5073337884643,0.47748544114725333,2-1,4-5-6-7
4,4,17,144,72,1378.072529931137,586.4020138073308,0.34040883948796274,3-2-1,5-6-7
4,5,182,132,92,1251.1321729314623,934.2585781696071,0.33666027305608665,4-3-2-1,6-7
4,6,23,144,82,1442.0510699664353,966.7434051455355,0.39171473340298624,5-4-3-2-1,7
4,7,10,133,84,1006.4276030446075,894.0736780326715,0.4979900671943721,6-5-4-3-2-1,
5,1,594,144,47,1028.220116481413,918.8221217816769,0.35928312362391496,,2-3-4-5-6-7
5,2,198,136,79,1339.678528140603,536.3231807067073,0.4500449713214477,1,3-4-5-6-7
5,3,30,146,57,1360.592043301931,569.2347986128748,0.39965745562230004,2-1,4-5-6-7
5,4,18,133,71,1123.9294039843974,756.0345394722549,0.39008804819194726,3-2-1,5-6-7
5,5,181,142,86,1077.7149276749997,667.852930471348,0.356494103150606,4-3-2-1,6-7
5,6,23,144,62,1038.1532007113458,687.3528459718322,0.42413018277546,5-4-3-2-1,7
5,7,10,133,39,1363.063290237354,744.2333461095295,0.48157518289124535,6-5-4-3-2-1,
6,1,599,144,50,1019.1072312854515,967.5435019792112,0.3924354524584934,,2-3-4-5-6-7
6,2,184,133,63,1398.628179066081,876.2248885113432,0.3269603674083955,1,3-4-5-6-7
6,3,46,132,44,1178.3990277025587,549.0054047157148,0.4373631916957776,2-1,4-5-6-7
6,4,14,138,51,1267.900229576427,794.0974914004954,0.33674880894233666,3-2-1,5-6-7
6,5,170,132,74,1344.7047125208874,689.144610327452,0.47800257126711204,4-3-2-1,6-7
6,6,21,136,84,1419.6580317405687,589.7499498120952,0.3275193596625916,5-4-3-2-1,7
6,7,8,142,80,1308.0544749136045,927.166880539828,0.43745208631017646,6-5-4-3-2-1,
7,1,512,150,31,1223.024163398187,794.069619298761,0.4194962570567888,,2-3-4-5-6-7
7,2,192,140,23,1165.5508424807942,830.1791676240438,0.3461098981995231,1,3-4-5-6-7
7,3,50,137,97,1113.8065459886157,674.3974251354507,0.3943082500192271,2-1,4-5-6-7
7,4,18,146,88,1363.006276544675,529.778551114778,0.3899828720762383,3-2-1,5-6-7
7,5,182,141,93,1169.398575492426,695.5495290815531,0.4810791130746157,4-3-2-1,6-7
7,6,21,141,20,1356.4575691560353,582.7509625961917,0.4940801101645586,5-4-3-2-1,7
7,7,8,140,87,1102.2822183952496,880.282077778747,0.3946358870760076,6-5-4-3-2-1,
8,1,525,140,30,1086.41301231517,556.3565440364298,0.4680164851651094,,2-3-4-5-6-7
8,2,179,147,81,1253.2892051842125,744.9174373343118,0.40158963979853024,1,3-4-5-6-7
8,3,45,136,88,1044.292706506165,921.1919381748822,0.41324707886064616,2-1,4-5-6-7
8,4,10,138,46,1408.787433460932,502.4237171146596,0.4473157666432568,3-2-1,5-6-7
8,5,186,136,82,1175.9738292105178,783.5152423470875,0.3817231739801665,4-3-2-1,6-7
8,6,23,142,34,1403.1877781833286,982.6620603919437,0.377522409884147,5-4-3-2-1,7
8,7,8,141,77,1330.8600651863915,640.9306968814168,0.389988271483745,6-5-4-3-2-1,
9,1,532,145,33,1481.3025870007207,510.0390231687556,0.36007497817966266,,2-3-4-5-6-7
9,2,180,139,67,1340.6575188404693,572.8476586381804,0.32660929203885064,1,3-4-5-6-7
9,3,49,131,35,1383.183284812828,840.8211318581687,0.47310798749931177,2-1,4-5-6-7
9,4,12,131,87,1065.3009728647066,879.0956637413628,0.33113575892269087,3-2-1,5-6-7
9,5,182,146,59,1282.5624907060958,862.9520518121924,0.31388609511853155,4-3-2-1,6-7
9,6,21,132,81,1220.229189502995,708.2169048114358,0.4145651890674075,5-4-3-2-1,7
9,7,10,138,51,1033.9631015085058,586.2217940265404,0.46134833941979075,6-5-4-3-2-1,
10,1,514,134,99,1414.2833777269611,695.2072423418488,0.4017201001531502,,2-3-4-5-6-7
10,2,170,147,23,1440.8273147405052,637.2366913236782,0.48858356910617784,1,3-4-5-6-7
10,3,33,135,45,1418.7484626470095,876.4765686048966,0.40543161862184385,2-1,4-5-6-7
10,4,17,147,65,1117.4855224780563,962.6609604434275,0.3756241594803219,3-2-1,5-6-7
10,5,185,141,81,1051.6127230670456,980.3318850028088,0.3882699240237186,4-3-2-1,6-7
10,6,21,136,86,1265.9729226507284,559.4177611172171,0.4211976110679489,5-4-3-2-1,7
10,7,10,136,44,1089.6681703642776,914.5023775818343,0.36865914658935794,6-5-4-3-2-1,
11,1,530,140,84,1040.2642240042112,923.2924687704813,0.3623891305174656,,2-3-4-5-6-7
11,2,189,148,52,1336.7792775868763,756.3619940687041,0.3089598494867865,1,3-4-5-6-7
11,3,39,150,28,1432.5458116366385,708.760051213585,0.4148432648876508,2-1,4-5-6-7
11,4,14,143,40,1009.6700866391257,636.2053730869858,0.4050569564970133,3-2-1,5-6-7
11,5,178,131,28,1089.1084001418653,544.0828001034859,0.3209356113006277,4-3-2-1,6-7
11,6,23,132,57,1244.7823744187929,507.2527472139629,0.35884508818410676,5-4-3-2-1,7
11,7,7,138,36,1045.3450515244483,737.4795448590409,0.4710630268939167,6-5-4-3-2-1,
12,1,583,138,79,1365.6388362439004,904.3689054342567,0.4922384795892619,,2-3-4-5-6-7
12,2,184,148,49,1255.2649414695525,530.8587311228699,0.3147026532470677,1,3-4-5-6-7
12,3,36,147,100,1332.4982347301834,919.3499551278196,0.35647896388160455,2-1,4-5-6-7
12,4,19,148,70,1276.9819045517656,821.6415718728259,0.38493433417823913,3-2-1,5-6-7
12,5,199,133,87,1047.992643527283,741.5931728547537,0.35015116693691056,4-3-2-1,6-7
12,6,23,139,37,1077.2705835352465,626.5775414898183,0.4443665827308311,5-4-3-2-1,7
12,7,10,145,46,1393.814996209605,775.1365281754216,0.49120857278874436,6-5-4-3-2-1,
13,1,538,137,52,1287.7358734100985,649.572708173336,0.33463688783388684,,2-3-4-5-6-7
13,2,199,134,23,1353.3627377303255,807.308567867701,0.32296419287725064,1,3-4-5-6-7
13,3,33,150,85,1039.0323469002797,594.1422075207419,0.4737976761457086,2-1,4-5-6-7
13,4,13,144,47,1077.445061769536,825.6888678302735,0.33404944687933663,3-2-1,5-6-7
13,5,197,134,88,1076.6060797618527,535.4785346146124,0.4742651452403409,4-3-2-1,6-7
13,6,24,150,76,1030.8635740113818,737.5284549721601,0.3574089503723305,5-4-3-2-1,7
13,7,9,136,22,1463.4077191381477,612.4547180579805,0.33397866671177745,6-5-4-3-2-1,
14,1,596,139,70,1073.4141075493153,804.0756655097737,0.4554406878953313,,2-3-4-5-6-7
14,2,197,148,27,1081.7480219939744,513.5184064346956,0.3043328244225916,1,3-4-5-6-7
14,3,32,141,52,1414.740755666704,855.4536903090493,0.3028730995214459,2-1,4-5-6-7
14,4,10,148,51,1038.2347593029667,917.2517076754277,0.43036739483481184,3-2-1,5-6-7
14,5,182,143,59,1157.6941352835263,801.0491302677792,0.32864779095490365,4-3-2-1,6-7
14,6,21,145,34,1222.4252442389043,565.4307179205123,0.31611571347438255,5-4-3-2-1,7
14,7,9,132,97,1462.9793676115532,783.763298358409,0.37103828246393317,6-5-4-3-2-1,
15,1,569,130,23,1341.4764026446026,616.3724634105612,0.36044959221711276,,2-3-4-5-6-7
15,2,173,149,93,1218.1524967759285,980.7831714308105,0.44275145461923426,1,3-4-5-6-7
15,3,34,150,82,1027.291153589741,956.5804770611753,0.30943604126170166,2-1,4-5-6-7
15,4,14,138,81,1170.7931637152462,669.300197089751,0.34738948974859163,3-2-1,5-6-7
15,5,181,148,21,1145.7236711745088,808.8481635669672,0.36848809410980127,4-3-2-1,6-7
15,6,21,139,82,1114.8118510971867,789.8758615320301,0.40126192337682426,5-4-3-2-1,7
15,7,9,134,41,1463.3972065226844,561.5632979223524,0.37763129938762896,6-5-4-3-2-1,
16,1,571,134,81,1207.5753120487257,606.1344352534967,0.41823415417655624,,2-3-4-5-6-7
16,2,189,130,41,1231.3902249393743,934.5891333092846,0.3274647637806,1,3-4-5-6-7
16,3,49,141,35,1381.9153605017111,542.8865387573233,0.3242479556953929,2-1,4-5-6-7
16,4,15,134,60,1146.6264152063613,768.3961050663358,0.4774980503149018,3-2-1,5-6-7
16,5,170,145,32,1074.733278384073,781.8619025540828,0.4161596758084571,4-3-2-1,6-7
16,6,23,131,33,1211.7647620994298,942.9314790947751,0.3511652852218162,5-4-3-2-1,7
16,7,9,137,73,1473.4762961195768,754.3565011005999,0.34047249305182276,6-5-4-3-2-1,
17,1,511,147,85,1262.6998263411801,529.2571604818052,0.3980388950855478,,2-3-4-5-6-7
17,2,189,131,59,1033.0304418116682,765.7065052918898,0.4105688009068758,1,3-4-5-6-7
17,3,31,139,38,1391.4334012456995,634.3110934675816,0.36440598807717706,2-1,4-5-6-7
17,4,17,137,27,1201.9907842478474,834.0927106383809,0.35542326131842894,3-2-1,5-6-7
17,5,174,130,20,1331.0934138516916,738.2317818289534,0.32525618572862586,4-3-2-1,6-7
17,6,27,143,98,1374.8928361437856,539.7514858888433,0.44493522299350685,5-4-3-2-1,7
17,7,8,140,37,1049.3384811092026,656.0173686917449,0.4510597884848006,6-5-4-3-2-1,
18,1,514,146,40,1124.9275604656086,701.8805988341858,0.4683500343161168,,2-3-4-5-6-7
18,2,191,130,63,1249.8772053545783,848.2597252510222,0.41200958077446936,1,3-4-5-6-7
18,3,32,143,42,1346.2102731386362,809.9475344849359,0.40947804497005125,2-1,4-5-6-7
18,4,17,149,38,1169.6379632590697,628.9839866519051,0.48615314692167017,3-2-1,5-6-7
18,5,170,143,60,1399.927487900657,874.1768391476207,0.43765022732521724,4-3-2-1,6-7
18,6,23,137,41,1288.9258254661602,817.5248457075763,0.4622458036310416,5-4-3-2-1,7
18,7,8,140,22,1144.5548190376887,925.9352967691798,0.47230467594179815,6-5-4-3-2-1,
19,1,598,146,44,1258.485705881576,871.2114750419788,0.46742541581167,,2-3-4-5-6-7
19,2,199,150,45,1154.0520759217143,799.2938923315319,0.40227854356935305,1,3-4-5-6-7
19,3,35,132,32,1319.5126768604896,931.5257701549217,0.43743389617812123,2-1,4-5-6-7
19,4,18,134,44,1182.7640244360696,868.161742406402,0.3650241925789361,3-2-1,5-6-7
19,5,180,134,44,1082.5963270143577,643.3984230003182,0.4163147970068031,4-3-2-1,6-7
19,6,23,149,40,1103.8924896590725,770.2081267736257,0.4025878300166678,5-4-3-2-1,7
19,7,10,132,29,1308.4636261861012,634.3558328289537,0.43695555588408785,6-5-4-3-2-1,
20,1,599,137,32,1020.3028741720776,928.5479513577122,0.30506367567940434,,2-3-4-5-6-7
20,2,181,134,72,1200.5508579377415,730.4977654344488,0.33589854238121936,1,3-4-5-6-7
20,3,42,132,59,1176.2210356690234,609.2905532566588,0.4455737239274394,2-1,4-5-6-7
20,4,12,132,67,1021.3331724911696,750.9205815917219,0.47336654255001,3-2-1,5-6-7
20,5,188,140,52,1335.9636516210523,700.0251490409344,0.4455347388973847,4-3-2-1,6-7
20,6,26,133,25,1345.1471421683111,603.8624570772403,0.46108621358121604,5-4-3-2-1,7
20,7,8,136,57,1111.4448184117016,576.4416611760445,0.3790257925292856,6-5-4-3-2-1,
21,1,574,131,39,1195.3812087224162,592.8343421607016,0.49145817152063,,2-3-4-5-6-7
21,2,183,149,22,1262.2334899863868,674.466898522452,0.46047215941257313,1,3-4-5-6-7
21,3,37,143,43,1435.2605763368224,967.8117380578753,0.33561716604676833,2-1,4-5-6-7
21,4,17,149,26,1433.0788371728916,900.3070018273363,0.34384242742907056,3-2-1,5-6-7
21,5,174,148,42,1463.4666177620597,657.8889539172874,0.3430305002396856,4-3-2-1,6-7
21,6,22,140,87,1411.259486173621,927.9045309483386,0.4781904341180715,5-4-3-2-1,7
21,7,9,137,61,1472.757798456235,657.6843759324607,0.3078788715526179,6-5-4-3-2-1,
22,1,572,149,31,1069.011221791279,555.1681454088913,0.4771694101915385,,2-3-4-5-6-7
22,2,177,135,28,1434.897526966084,993.6149496397967,0.44204525568220426,1,3-4-5-6-7
22,3,36,134,43,1292.439063331204,572.3923016570783,0.3741452866027677,2-1,4-5-6-7
22,4,19,134,73,1298.0165028966614,833.4451580114286,0.41597671074044174,3-2-1,5-6-7
22,5,197,139,98,1002.0270279805154,540.5034816388654,0.4510793538392681,4-3-2-1,6-7
22,6,24,138,20,1029.105419214043,688.7928096272034,0.30429131270234894,5-4-3-2-1,7
22,7,10,145,82,1008.9431635955845,685.5286016876803,0.41779666058460263,6-5-4-3-2-1,
23,1,584,139,24,1388.8157630890194,969.2495379389246,0.43780758201916914,,2-3-4-5-6-7
23,2,175,149,94,1092.027872564012,888.5767155767296,0.3803663876791652,1,3-4-5-6-7
23,3,45,140,35,1442.6533513187164,628.6008334561118,0.3052588448451712,2-1,4-5-6-7
23,4,13,136,22,1300.015359030333,793.1127287772407,0.3009969886797222,3-2-1,5-6-7
23,5,176,136,57,1487.4976032423408,733.4190189794678,0.3970135039270968,4-3-2-1,6-7
23,6,26,139,78,1165.8678284306511,721.2805833549955,0.3298506021145787,5-4-3-2-1,7
23,7,7,130,93,1009.2053751908214,796.9701069982181,0.3093974389771401,6-5-4-3-2-1,
24,1,558,146,80,1433.9829249494217,910.5701085165099,0.4519322158721355,,2-3-4-5-6-7
24,2,197,139,78,1246.241407812016,741.6206752038819,0.35384709798753106,1,3-4-5-6-7
24,3,36,132,54,1043.5344340275458,654.9699103390566,0.3262679010703724,2-1,4-5-6-7
24,4,12,134,33,1063.513592183649,978.183152803236,0.4750798258901617,3-2-1,5-6-7
24,5,192,138,46,1401.730827171362,706.8753372841098,0.36101102907416155,4-3-2-1,6-7
24,6,29,148,99,1255.599525459817,801.3123871334079,0.4987933254289386,5-4-3-2-1,7
24,7,7,149,95,1452.75451921317,819.8955412156863,0.39786397391590733,6-5-4-3-2-1,
25,1,589,131,32,1352.2852738773977,610.0762225461626,0.4290491592783725,,2-3-4-5-6-7
25,2,182,134,20,1192.1446764321531,782.9153295772812,0.3771430046388027,1,3-4-5-6-7
25,3,32,149,69,1397.2434100073315,890.7946784226544,0.30997631490940486,2-1,4-5-6-7
25,4,16,138,53,1419.0791876498308,582.9354846248845,0.32017959207438357,3-2-1,5-6-7
25,5,181,134,45,1193.278134180205,927.8208814709733,0.35279693827343017,4-3-2-1,6-7
25,6,23,140,95,1360.0776893808238,660.4006280474343,0.33592430583779626,5-4-3-2-1,7
25,7,7,131,45,1125.6474124607769,506.8198017428964,0.47798969604633096,6-5-4-3-2-1,
26,1,538,145,62,1322.8505386938843,848.7769905616217,0.30666014932485974,,2-3-4-5-6-7
26,2,193,135,84,1482.4375530377795,903.3630611171518,0.453091222955879,1,3-4-5-6-7
26,3,43,132,74,1055.8255297612777,724.7059018147083,0.3379969734647043,2-1,4-5-6-7
26,4,13,144,24,1404.5114687118526,578.632935093875,0.30721909684072674,3-2-1,5-6-7
26,5,184,135,76,1005.4886647923747,950.085212390494,0.34305194893166796,4-3-2-1,6-7
26,6,28,146,49,1172.4720645655182,941.1031650630831,0.41663605734197706,5-4-3-2-1,7
26,7,9,140,70,1470.2174775068008,817.9556220119571,0.3589972594250834,6-5-4-3-2-1,
27,1,572,149,49,1180.9519316684377,595.8162208555525,0.3916864553859728,,2-3-4-5-6-7
27,2,179,133,80,1193.7934906888163,558.5128944915341,0.46297223909443425,1,3-4-5-6-7
27,3,36,143,34,1074.6688921561802,536.0773598951739,0.4933897591955037,2-1,4-5-6-7
27,4,14,143,79,1037.5145404470015,934.7450833535186,0.4228893352714064,3-2-1,5-6-7
27,5,198,138,44,1371.5562968651695,740.3869669348994,0.4888939343806321,4-3-2-1,6-7
27,6,24,140,31,1497.5146750242857,630.8204762577506,0.42194187437226327,5-4-3-2-1,7
27,7,10,133,22,1139.0826706739513,783.2892895430784,0.3921974191361462,6-5-4-3-2-1,
28,1,581,141,77,1393.8305437044894,926.7955819718243,0.4800889912380939,,2-3-4-5-6-7
28,2,171,141,33,1044.528788337066,899.6681254439078,0.45325539400546466,1,3-4-5-6-7
28,3,50,136,87,1169.496141116058,839.1435621743226,0.3601126129073505,2-1,4-5-6-7
28,4,20,141,38,1026.1495884459814,510.1563196003287,0.43375631930612973,3-2-1,5-6-7
28,5,174,140,42,1017.8213532758926,750.1210805129592,0.3192496336913067,4-3-2-1,6-7
28,6,27,143,70,1115.7512075330953,697.3351582954347,0.33535409091469254,5-4-3-2-1,7
28,7,8,148,46,1056.7762454568108,869.6738160195669,0.3766060262869529,6-5-4-3-2-1,
29,1,536,131,21,1443.8909144737736,709.2031585828438,0.37096565851159424,,2-3-4-5-6-7
29,2,186,135,24,1338.1889109331423,715.1087006557203,0.4291205417363066,1,3-4-5-6-7
29,3,41,133,79,1113.5791604653352,601.9709655845342,0.41219863674269575,2-1,4-5-6-7
29,4,19,144,27,1009.8793450533776,983.0721475757969,0.4643020896741594,3-2-1,5-6-7
29,5,176,150,76,1058.2816741498252,917.3584714167907,0.33509568295030945,4-3-2-1,6-7
29,6,23,132,84,1397.098126087627,811.0918365463542,0.37850254806025035,5-4-3-2-1,7
29,7,8,145,35,1163.8069536222624,582.1038109252096,0.3702867932367778,6-5-4-3-2-1,
30,1,575,136,21,1189.5955682622457,570.1837717114594,0.34778932711669663,,2-3-4-5-6-7
30,2,171,130,47,1409.0618717740017,625.3056783556688,0.49605539079554284,1,3-4-5-6-7
30,3,43,135,51,1143.235024329412,961.2711990492887,0.39342133781457184,2-1,4-5-6-7
30,4,18,140,70,1362.435413412285,933.1786303205598,0.45254642743090756,3-2-1,5-6-7
30,5,196,130,86,1280.915004633848,829.0745373106444,0.4959087099755864,4-3-2-1,6-7
30,6,20,147,87,1485.776843342759,862.8748066589159,0.38153488880156133,5-4-3-2-1,7
30,7,8,145,24,1294.072529100151,733.7904384609851,0.34967489557926645,6-5-4-3-2-1,
31,1,528,142,100,1060.5442986474245,992.2557875602148,0.4103081755938943,,2-3-4-5-6-7
31,2,200,139,79,1466.3770193887865,975.7450424630597,0.37439963274828836,1,3-4-5-6-7
31,3,38,136,44,1374.2736509925498,709.4300251520112,0.40146577840926395,2-1,4-5-6-7
31,4,14,141,25,1201.6659275425404,895.5559324427918,0.3923680033431505,3-2-1,5-6-7
31,5,195,140,73,1335.4543160514716,647.3670674978182,0.4026073910571669,4-3-2-1,6-7
31,6,21,132,62,1142.7736467514844,614.427550558561,0.43307476503062003,5-4-3-2-1,7
31,7,8,133,22,1494.7625065735624,510.1771718908377,0.354507436429559,6-5-4-3-2-1,
32,1,530,149,43,1280.4331151147198,759.0850297561569,0.4820788538758664,,2-3-4-5-6-7
32,2,193,147,65,1034.9066748594944,666.4133731141488,0.3105606568086216,1,3-4-5-6-7
32,3,38,136,45,1124.6627382531844,743.1465725500642,0.4061269425141992,2-1,4-5-6-7
32,4,16,147,32,1227.7531252803503,558.5718950304658,0.3771006864727745,3-2-1,5-6-7
32,5,185,139,33,1202.6242900082948,933.2726824578469,0.40529317825624056,4-3-2-1,6-7
32,6,22,137,27,1257.811416424247,542.2869296252333,0.3526008351541235,5-4-3-2-1,7
32,7,10,137,42,1200.6612403209804,958.8696671064024,0.47092656984266895,6-5-4-3-2-1,
33,1,554,142,62,1255.957293471537,995.8610433304386,0.3824042721371254,,2-3-4-5-6-7
33,2,188,134,86,1421.919082372642,915.2469609330794,0.3690457317363184,1,3-4-5-6-7
33,3,50,138,66,1195.5551642433823,971.6891778191418,0.40930538953854484,2-1,4-5-6-7
33,4,20,136,67,1372.438811673102,539.0056836884693,0.3317736294242745,3-2-1,5-6-7
33,5,196,145,39,1259.0021383855342,683.9237136472851,0.39106646778914755,4-3-2-1,6-7
33,6,28,148,49,1116.7351542756917,863.865502599622,0.464182639044235,5-4-3-2-1,7
33,7,10,140,94,1449.3029678190167,874.5688375111638,0.4679982666735233,6-5-4-3-2-1,
34,1,547,143,63,1104.9931607229864,716.6011953186357,0.4857025121439721,,2-3-4-5-6-7
34,2,199,147,60,1394.0700163341737,780.3335024192857,0.3598097226046548,1,3-4-5-6-7
34,3,30,133,48,1489.9090179321652,841.4560851025527,0.42409937024984634,2-1,4-5-6-7
34,4,10,136,95,1155.0721877631336,985.1006372787033,0.4235869585572753,3-2-1,5-6-7
34,5,177,148,94,1065.4281646003878,964.6523421908557,0.38363793139221647,4-3-2-1,6-7
34,6,27,146,95,1264.7958905027851,548.6316110865533,0.4194731844535597,5-4-3-2-1,7
34,7,8,142,35,1406.3306733859258,570.4692155019646,0.38231223567899847,6-5-4-3-2-1,
35,1,556,131,48,1318.5185377504959,887.8063409594304,0.44583111334193476,,2-3-4-5-6-7
35,2,172,137,37,1347.5609537150794,912.4551746843902,0.3295932420832854,1,3-4-5-6-7
35,3,48,141,76,1140.9963803326161,759.8734257085055,0.4961543869899178,2-1,4-5-6-7
35,4,15,130,32,1497.7186091817148,756.1374869346855,0.4339281623596317,3-2-1,5-6-7
35,5,183,146,21,1257.691620407855,820.9697350613028,0.32576175494426246,4-3-2-1,6-7
35,6,21,133,34,1063.0397468304345,732.3188204395018,0.4421717592558675,5-4-3-2-1,7
35,7,8,132,91,1241.6414057280679,746.7769760503982,0.38119035231480447,6-5-4-3-2-1,
36,1,579,147,67,1231.1362975318998,747.866841974789,0.3478961864857195,,2-3-4-5-6-7
36,2,193,143,29,1024.3875508017813,802.8112883862634,0.30422042341682565,1,3-4-5-6-7
36,3,34,138,67,1449.771663837506,969.1768450412229,0.4041834038907602,2-1,4-5-6-7
36,4,18,146,50,1154.353014194861,691.3615419263205,0.48785506356455277,3-2-1,5-6-7
36,5,180,133,30,1309.7444241302264,689.5488415847054,0.46190058038077525,4-3-2-1,6-7
36,6,20,136,89,1079.1620654315607,515.2152842826594,0.40056780417215343,5-4-3-2-1,7
36,7,10,137,63,1213.1340711792934,816.1612891131776,0.4678049560146212,6-5-4-3-2-1,
37,1,534,131,75,1476.6298804956455,534.9696217987507,0.30408602150539504,,2-3-4-5-6-7
37,2,194,137,70,1090.6574704616783,547.6675517775741,0.34271058017630746,1,3-4-5-6-7
37,3,46,134,41,1478.1179323542624,655.6544422081525,0.44819886921450747,2-1,4-5-6-7
37,4,18,137,26,1066.8651494450844,517.1203102092901,0.306395608142389,3-2-1,5-6-7
37,5,196,130,48,1092.3106690714174,517.0996723495475,0.41102658668903025,4-3-2-1,6-7
37,6,26,143,30,1419.0964069047511,731.6870728625095,0.34709918850573307,5-4-3-2-1,7
37,7,9,137,40,1394.6998373513989,954.7440037822648,0.37460569298173796,6-5-4-3-2-1,
38,1,576,146,84,1401.308211812249,784.5828392875408,0.35441028376792216,,2-3-4-5-6-7
38,2,187,133,29,1122.1934384660472,881.3692160438557,0.4303641175220786,1,3-4-5-6-7
38,3,47,148,98,1397.2046305182005,915.8011694280885,0.3003641599292672,2-1,4-5-6-7
38,4,10,141,80,1169.2523001560805,511.47416419198964,0.4861972278345983,3-2-1,5-6-7
38,5,176,136,87,1306.4194857613684,572.3688879049448,0.48804626447022764,4-3-2-1,6-7
38,6,27,144,44,1089.4642365236502,884.6691035485196,0.4633109546004278,5-4-3-2-1,7
38,7,7,133,67,1147.1490167037527,999.8937354341349,0.4715837127418527,6-5-4-3-2-1,
39,1,548,146,43,1126.8827439477811,911.0364903934951,0.3227471503454376,,2-3-4-5-6-7
39,2,191,148,77,1075.1244449382423,666.4466365007846,0.33650756992714004,1,3-4-5-6-7
39,3,38,139,24,1054.5201914685617,772.1836865883612,0.39100353138893945,2-1,4-5-6-7
39,4,19,138,94,1134.845384894315,988.0026631932537,0.4940446023715023,3-2-1,5-6-7
39,5,196,132,29,1368.632347249757,943.5969914993339,0.4262818615636964,4-3-2-1,6-7
39,6,25,142,44,1043.292515855345,619.4185892513717,0.30173677095434953,5-4-3-2-1,7
39,7,9,149,52,1096.1675121420221,587.9449875158532,0.4181998944755196,6-5-4-3-2-1,
40,1,594,134,95,1308.664698893245,805.3191870621445,0.30340781566443314,,2-3-4-5-6-7
40,2,175,144,64,1419.5382845027834,756.8724960351481,0.4620922390235298,1,3-4-5-6-7
40,3,45,140,88,1316.583212363612,514.1764865737241,0.4676893628171974,2-1,4-5-6-7
40,4,13,143,95,1221.7142571269699,902.1741730208889,0.36806906757125096,3-2-1,5-6-7
40,5,194,145,88,1287.782464768662,535.0259036772136,0.4598637128686211,4-3-2-1,6-7
40,6,24,150,44,1412.0013423503087,502.7606624947722,0.30905010969228947,5-4-3-2-1,7
40,7,7,146,98,1267.005957480735,832.0151201562007,0.3464106663142854,6-5-4-3-2-1,
41,1,537,130,90,1110.2597101881536,556.2672194963931,0.31222099263673586,,2-3-4-5-6-7
41,2,178,142,68,1268.518100870725,930.0616929009788,0.44307799705090056,1,3-4-5-6-7
41,3,41,133,42,1249.794341676328,759.0601819454535,0.3467212292596709,2-1,4-5-6-7
41,4,10,140,90,1006.2179953130227,911.5736642708655,0.316809040593395,3-2-1,5-6-7
41,5,186,134,62,1261.894512374895,989.1107903381971,0.3246445251983926,4-3-2-1,6-7
41,6,23,138,88,1343.0774658979299,778.3623829329705,0.3706767654051611,5-4-3-2-1,7
41,7,9,137,98,1101.8587727362692,896.5142149025024,0.35581672666992953,6-5-4-3-2-1,
42,1,544,143,98,1474.39053762167,579.1437646196763,0.4826248198180352,,2-3-4-5-6-7
42,2,187,146,83,1455.2180913170562,533.7217554458566,0.4346688075445498,1,3-4-5-6-7
42,3,47,147,96,1380.9044938986092,787.4035759096971,0.422037463041705,2-1,4-5-6-7
42,4,18,130,80,1372.2402808008571,533.5296307677879,0.4855787915597411,3-2-1,5-6-7
42,5,184,150,23,1329.464663379359,739.4130965895604,0.360559445419477,4-3-2-1,6-7
42,6,30,145,91,1156.2607021161793,835.2392626635203,0.369777828722947,5-4-3-2-1,7
42,7,10,146,43,1061.182424869373,800.6620270658892,0.4497274308774075,6-5-4-3-2-1,
43,1,534,133,44,1014.8548652928718,924.3542891255763,0.4588607554827668,,2-3-4-5-6-7
43,2,184,147,46,1477.5624639562477,990.7859869484261,0.46153828088017407,1,3-4-5-6-7
43,3,30,131,56,1306.8712168008603,565.488985435957,0.3968922671090574,2-1,4-5-6-7
43,4,20,130,93,1410.251424771062,639.6840150867405,0.3043896810857107,3-2-1,5-6-7
43,5,191,130,47,1279.3834283302094,547.6627733287257,0.3983773494074888,4-3-2-1,6-7
43,6,21,148,36,1061.8333906894093,995.9439034259706,0.3259649918647639,5-4-3-2-1,7
43,7,10,147,37,1126.6230179949564,716.5646912343982,0.47579907991024095,6-5-4-3-2-1,
44,1,577,146,32,1031.7922118950164,707.2435884189758,0.46677335137224785,,2-3-4-5-6-7
44,2,194,141,42,1114.7526452232146,547.4597092465792,0.30872886352782486,1,3-4-5-6-7
44,3,34,131,73,1290.885263374629,723.3539410169842,0.44106771211468004,2-1,4-5-6-7
44,4,18,137,89,1257.1996397210635,852.9134023767374,0.4455759236525,3-2-1,5-6-7
44,5,173,150,61,1334.1911484937857,741.3517161871506,0.3008021161226734,4-3-2-1,6-7
44,6,25,149,90,1043.0906069889902,781.7124354349532,0.4641059827623916,5-4-3-2-1,7
44,7,8,144,74,1379.1770886123336,807.5782742493909,0.428962272848162,6-5-4-3-2-1,
45,1,579,141,21,1180.4575645344516,965.9214856078552,0.43802774813540984,,2-3-4-5-6-7
45,2,172,148,21,1493.428027137356,812.53147619075,0.3964610395682698,1,3-4-5-6-7
45,3,33,150,30,1086.2298744686416,825.3124127023339,0.3058663701408534,2-1,4-5-6-7
45,4,17,135,84,1080.9594255194975,904.3023055418793,0.3627010617200105,3-2-1,5-6-7
45,5,171,145,95,1332.931644114781,990.1389618503895,0.33121955417994914,4-3-2-1,6-7
45,6,30,131,63,1156.2805695762604,510.39880437182524,0.30090112552623693,5-4-3-2-1,7
45,7,10,132,89,1141.350509506998,621.6009907525917,0.48757999679662606,6-5-4-3-2-1,
46,1,517,131,71,1168.8993347955504,661.3626621893442,0.47827859430093866,,2-3-4-5-6-7
46,2,193,133,87,1299.1134029632244,871.1743526008803,0.49513910759010343,1,3-4-5-6-7
46,3,39,138,83,1288.27517583381,507.28864798098897,0.37117955919628376,2-1,4-5-6-7
46,4,15,138,57,1448.1275040504281,893.3610228680491,0.44836004241226013,3-2-1,5-6-7
46,5,193,134,69,1051.4140822565423,548.2909553573734,0.3825184656604224,4-3-2-1,6-7
46,6,25,137,90,1466.8904954160555,908.7451506772493,0.4026033727257971,5-4-3-2-1,7
46,7,9,147,96,1339.8550374850033,536.5622245501523,0.3815193440430844,6-5-4-3-2-1,
47,1,579,135,57,1453.5803505498034,901.6387937045611,0.4653076612122189,,2-3-4-5-6-7
47,2,173,139,82,1155.3314596803516,956.009854064552,0.3241084886461352,1,3-4-5-6-7
47,3,42,133,44,1090.684894710244,759.0893395019185,0.3661080701504265,2-1,4-5-6-7
47,4,10,133,86,1215.3046731288307,751.4713706600121,0.3027313011982103,3-2-1,5-6-7
47,5,172,137,70,1202.8753747416308,501.2987609494868,0.45687184195556707,4-3-2-1,6-7
47,6,27,136,27,1336.8715701146887,998.3286211942066,0.4169372685055482,5-4-3-2-1,7
47,7,8,137,63,1443.5628129573472,525.5875365901618,0.30719417989715275,6-5-4-3-2-1,
48,1,555,134,75,1309.1074856414698,796.3239436807727,0.45482942525763975,,2-3-4-5-6-7
48,2,196,135,57,1403.7740165646564,873.9513235962646,0.41680424034288494,1,3-4-5-6-7
48,3,39,141,57,1120.1285563395916,911.0087151122416,0.4906882561110862,2-1,4-5-6-7
48,4,19,140,85,1315.6173031909366,974.675291968074,0.4245482154644366,3-2-1,5-6-7
48,5,191,140,73,1015.844829282776,701.8380203000908,0.43641182117459076,4-3-2-1,6-7
48,6,23,137,26,1412.4391516461726,780.6243920252989,0.42592406809439426,5-4-3-2-1,7
48,7,7,143,55,1316.622556158255,891.8156355812104,0.4277941296401437,6-5-4-3-2-1,
49,1,528,137,80,1147.9734301820267,697.1545562512284,0.4180436037970522,,2-3-4-5-6-7
49,2,173,143,99,1451.1194974037953,666.4614194268776,0.3955098837496959,1,3-4-5-6-7
49,3,32,137,46,1169.0820806760935,531.9371464191122,0.4270924674798586,2-1,4-5-6-7
49,4,12,141,64,1062.3676069124317,753.0808603559592,0.46291718641876034,3-2-1,5-6-7
49,5,187,140,77,1196.6622171866343,655.0524809732649,0.3176446281049793,4-3-2-1,6-7
49,6,22,139,85,1089.000792270711,712.0854614154624,0.3223249750993668,5-4-3-2-1,7
49,7,10,143,96,1396.648016582285,604.2628551058144,0.45590741832958775,6-5-4-3-2-1,
50,1,595,145,78,1253.9776868742604,681.7551075654981,0.492644523007028,,2-3-4-5-6-7
50,2,186,130,25,1164.252764023644,572.6434981852949,0.3961565162894872,1,3-4-5-6-7
50,3,40,147,40,1225.7320116375402,634.9234343976627,0.3953818610817768,2-1,4-5-6-7
50,4,20,149,83,1267.9072130104255,844.7974397150349,0.37768569270530106,3-2-1,5-6-7
50,5,200,140,59,1445.9916774165288,931.9904859018036,0.4626814514455998,4-3-2-1,6-7
50,6,23,143,27,1469.2801273731698,652.0382732653122,0.4989061790712958,5-4-3-2-1,7
50,7,9,143,91,1385.7892428368154,869.4187539485506,0.40924718576795016,6-5-4-3-2-1,
51,1,531,130,21,1434.5623672754018,533.5662009424502,0.37036933836708075,,2-3-4-5-6-7
51,2,195,141,46,1056.3784428017527,924.5472058314579,0.3068048284850354,1,3-4-5-6-7
51,3,36,141,87,1379.238949339598,776.0548739368853,0.35763443535602496,2-1,4-5-6-7
51,4,11,142,23,1284.7106566354541,553.1924740160791,0.39331369115590237,3-2-1,5-6-7
51,5,195,148,34,1134.6146274280177,804.9941610453383,0.4203385155723791,4-3-2-1,6-7
51,6,22,138,47,1311.6171585218497,914.812439708599,0.47332817595460835,5-4-3-2-1,7
51,7,9,137,60,1105.675978324076,576.95048506532,0.4571790287684107,6-5-4-3-2-1,
52,1,573,148,96,1281.2634642451078,515.4760491222308,0.30772957491214853,,2-3-4-5-6-7
52,2,177,130,46,1382.5708411561168,693.659466013834,0.4447191203864037,1,3-4-5-6-7
52,3,49,132,64,1236.035748852041,806.8790619481069,0.3000584156416107,2-1,4-5-6-7
52,4,10,136,87,1349.1496388958308,508.6921401574539,0.3614218655882575,3-2-1,5-6-7
52,5,174,137,64,1040.5615940752566,572.787447631858,0.3181415693257482,4-3-2-1,6-7
52,6,26,139,46,1386.9242339410418,617.764354431185,0.3276584000459122,5-4-3-2-1,7
52,7,8,132,64,1196.6369903349364,613.3321661514133,0.4081328965825549,6-5-4-3-2-1,
53,1,557,138,25,1452.1107312019317,899.2206594148804,0.47322982710282424,,2-3-4-5-6-7
53,2,184,137,27,1146.325696271926,717.0864539126501,0.3343006979359547,1,3-4-5-6-7
53,3,35,147,38,1447.9038482347946,705.1733572864355,0.31736497283222564,2-1,4-5-6-7
53,4,13,141,39,1342.6025388721905,732.58571756534,0.48516173495785286,3-2-1,5-6-7
53,5,188,146,42,1484.573827114849,802.0438876146526,0.48052515422429104,4-3-2-1,6-7
53,6,24,143,39,1006.3002147935508,787.9357670508651,0.40539673348803057,5-4-3-2-1,7
53,7,10,137,56,1007.073710044587,718.8469262744235,0.49312699499629614,6-5-4-3-2-1,
54,1,540,144,96,1274.7248689584826,602.2990784228666,0.43530152266829125,,2-3-4-5-6-7
54,2,193,140,76,1104.584996941005,636.8711962335537,0.4908961088091712,1,3-4-5-6-7
54,3,33,142,71,1343.1279254121991,560.1406154220824,0.40582522661614456,2-1,4-5-6-7
54,4,20,137,70,1477.4356301741657,645.9817327676194,0.4469397142057301,3-2-1,5-6-7
54,5,196,146,87,1191.3268053122763,658.3917128693037,0.3325529543156575,4-3-2-1,6-7
54,6,20,143,53,1003.665558460804,716.3318074594631,0.43499929456316966,5-4-3-2-1,7
54,7,7,138,34,1349.2595048079904,973.8670223066754,0.38890889683681823,6-5-4-3-2-1,
55,1,522,135,80,1211.0586010796726,770.6582955696521,0.4340793239526779,,2-3-4-5-6-7
55,2,178,140,75,1327.0307230093053,966.625129656504,0.48535972240872194,1,3-4-5-6-7
55,3,38,132,85,1410.0250203700941,818.7555690520007,0.3056633246989682,2-1,4-5-6-7
55,4,14,138,71,1055.3012118768336,926.7588530442326,0.34812502856763267,3-2-1,5-6-7
55,5,199,141,24,1063.6440192533234,623.7707740195142,0.39919969409310024,4-3-2-1,6-7
55,6,23,150,90,1052.662790084973,944.1641803345024,0.40103797014722403,5-4-3-2-1,7
55,7,10,147,53,1175.5339147560085,524.0454727327735,0.3879299772042829,6-5-4-3-2-1,
56,1,560,146,99,1482.2043755118893,644.2569905523831,0.4926118652441987,,2-3-4-5-6-7
56,2,190,132,56,1146.1410496448023,877.354162195234,0.30366297784134455,1,3-4-5-6-7
56,3,49,142,59,1111.4278288169264,762.8467651232784,0.41044553451046384,2-1,4-5-6-7
56,4,14,137,99,1445.0296514860743,521.35587828931,0.48328349426809225,3-2-1,5-6-7
56,5,183,133,59,1346.590583264174,641.2589932512857,0.34087808489911336,4-3-2-1,6-7
56,6,20,150,95,1043.5514081250792,895.9602998933028,0.46221916468151186,5-4-3-2-1,7
56,7,8,147,48,1185.3776265917145,852.8696683544556,0.4482079869559781,6-5-4-3-2-1,
57,1,544,150,28,1352.2134382358493,556.8239307858291,0.4726300515340457,,2-3-4-5-6-7
57,2,181,134,33,1354.9692663303113,759.67724280629,0.38014541101865745,1,3-4-5-6-7
57,3,46,144,53,1084.4701006144558,823.6736756970164,0.3081991191079394,2-1,4-5-6-7
57,4,15,138,31,1267.1398706453751,780.9161938628108,0.4242432684006233,3-2-1,5-6-7
57,5,172,148,73,1499.25296447092,606.1649386367416,0.3570009896450787,4-3-2-1,6-7
57,6,27,139,77,1430.0830839185624,661.0682130054087,0.462308170286847,5-4-3-2-1,7
57,7,8,130,47,1464.1752574374186,731.0715808140482,0.43795812737893236,6-5-4-3-2-1,
58,1,517,140,23,1019.0804928210814,550.4312600893165,0.4678910652044218,,2-3-4-5-6-7
58,2,191,145,75,1038.5083609367346,671.4449305138509,0.4539751239669204,1,3-4-5-6-7
58,3,41,144,77,1055.1683552154961,629.934299292775,0.37272973145664046,2-1,4-5-6-7
58,4,13,133,21,1202.5481010488086,692.5952580009523,0.3123024061653676,3-2-1,5-6-7
58,5,199,141,84,1327.8131397157654,521.3211161332891,0.3716955105331825,4-3-2-1,6-7
58,6,25,137,78,1173.6846654183787,722.6591861912611,0.4904625304748958,5-4-3-2-1,7
58,7,9,130,80,1044.8498542982234,695.0184840735735,0.37823620179181455,6-5-4-3-2-1,
59,1,575,142,51,1276.112936860301,716.6521418326859,0.36904501456053035,,2-3-4-5-6-7
59,2,184,143,33,1168.0776095305837,760.3479920666754,0.4686063334037043,1,3-4-5-6-7
59,3,33,131,32,1125.2656928268696,612.3871757776167,0.33187444044271885,2-1,4-5-6-7
59,4,11,142,61,1056.079335913509,755.2964447647728,0.46132412052255567,3-2-1,5-6-7
59,5,182,143,42,1151.8702636035835,822.2317866695205,0.4619385860090298,4-3-2-1,6-7
59,6,28,145,46,1498.339868071449,529.2642232126152,0.48175965900855355,5-4-3-2-1,7
59,7,8,135,66,1292.0696265202564,823.079077291954,0.3746495194492464,6-5-4-3-2-1,
60,1,597,134,85,1145.9715967829218,884.2061619392651,0.30745183102611373,,2-3-4-5-6-7
60,2,181,145,31,1293.4994323814967,614.2052436556172,0.37118779663578017,1,3-4-5-6-7
60,3,35,143,100,1165.020125197198,741.3599466828438,0.4550279083969694,2-1,4-5-6-7
60,4,14,133,80,1256.2383973872293,698.183288165582,0.3702698473353356,3-2-1,5-6-7
60,5,172,135,42,1379.247803347487,555.5875067891778,0.30879195685838906,4-3-2-1,6-7
60,6,27,134,34,1130.8053392569052,906.7441629664714,0.44272087214292,5-4-3-2-1,7
60,7,9,134,44,1135.913233804463,571.738218143238,0.30256565203354796,6-5-4-3-2-1,
61,1,570,147,54,1205.6289861903153,853.1217831391539,0.3052226413667987,,2-3-4-5-6-7
61,2,193,135,70,1381.526763169489,509.4653814226958,0.4788605702208065,1,3-4-5-6-7
61,3,30,148,60,1112.237078531486,513.54240669423,0.4777303575084996,2-1,4-5-6-7
61,4,14,131,48,1193.9795063075917,848.2851047930426,0.3517399709329704,3-2-1,5-6-7
61,5,194,142,25,1071.1882977253022,617.1911606209378,0.4278239061335011,4-3-2-1,6-7
61,6,25,144,42,1025.9539517511869,641.6152048680708,0.3661097270327697,5-4-3-2-1,7
61,7,10,138,88,1357.6224643226142,836.6261843859295,0.37835405264506916,6-5-4-3-2-1,
62,1,551,150,94,1449.5956403044538,574.7927871217604,0.4241884437664525,,2-3-4-5-6-7
62,2,198,137,30,1486.074250788991,695.715679727244,0.36475911116093174,1,3-4-5-6-7
62,3,37,132,75,1485.563366464054,915.8442174280788,0.34313438884720787,2-1,4-5-6-7
62,4,20,133,52,1321.7340994203141,928.0127927101835,0.3468468575919546,3-2-1,5-6-7
62,5,180,132,57,1051.775629104267,565.9961428615989,0.3124217835016875,4-3-2-1,6-7
62,6,28,140,68,1220.9452360764426,781.9403090999239,0.34047645419878336,5-4-3-2-1,7
62,7,10,146,95,1391.830226267533,884.1809392450175,0.49186717823937776,6-5-4-3-2-1,
63,1,576,130,99,1115.187763616608,541.6986953426565,0.3806075075559261,,2-3-4-5-6-7
63,2,194,133,99,1364.3385751740852,991.7552637769427,0.49710212550051414,1,3-4-5-6-7
63,3,39,147,97,1012.5187024892912,783.6056336910126,0.4713989393171322,2-1,4-5-6-7
63,4,19,149,82,1012.2933297409104,606.0172456011585,0.3834726730276357,3-2-1,5-6-7
63,5,191,133,20,1236.574174105403,500.01296950721274,0.34930594673833193,4-3-2-1,6-7
63,6,20,140,68,1129.9362898697345,709.7183230576064,0.4681732169622325,5-4-3-2-1,7
63,7,10,150,87,1433.8559209852274,830.7229343072917,0.41718537522943083,6-5-4-3-2-1,
64,1,575,133,23,1099.4777293688521,583.9902973131914,0.35724848776629414,,2-3-4-5-6-7
64,2,177,140,90,1167.1819796205714,515.4680949153361,0.391723175430539,1,3-4-5-6-7
64,3,39,143,81,1145.3014370664284,824.6996465213565,0.4338490547801886,2-1,4-5-6-7
64,4,14,131,87,1081.5370353868507,960.2019863233681,0.40604409862229623,3-2-1,5-6-7
64,5,176,142,65,1329.1883193049514,543.1629416318118,0.48477059925247734,4-3-2-1,6-7
64,6,25,136,38,1035.334103361406,594.533901523885,0.38921882424028365,5-4-3-2-1,7
64,7,7,149,20,1058.2758969032982,622.5208455647687,0.3013593771866341,6-5-4-3-2-1,
65,1,585,144,29,1030.5986123039634,875.4290661504546,0.31984045623436524,,2-3-4-5-6-7
65,2,183,146,23,1012.3360050661325,679.3667691222422,0.44138611710549736,1,3-4-5-6-7
65,3,45,145,65,1456.7858995049107,686.7180992298155,0.4541906801376348,2-1,4-5-6-7
65,4,10,135,83,1116.179643117755,887.8065413547038,0.44652882538174654,3-2-1,5-6-7
65,5,182,142,93,1298.6406014566614,745.5200741753947,0.3084677609791308,4-3-2-1,6-7
65,6,29,137,42,1033.560555670996,570.3328166956368,0.4366808649720832,5-4-3-2-1,7
65,7,10,143,61,1195.2745670652423,890.0271382850397,0.33379086121143764,6-5-4-3-2-1,
66,1,528,138,55,1015.9172290123189,505.98834056680835,0.4041765938545293,,2-3-4-5-6-7
66,2,173,142,63,1261.470650374963,911.8379643978631,0.40062200019811284,1,3-4-5-6-7
66,3,41,139,58,1258.374284362149,697.3384360523814,0.35477866278318637,2-1,4-5-6-7
66,4,15,144,85,1463.611988795311,806.8918535459027,0.3600487002171659,3-2-1,5-6-7
66,5,187,149,100,1438.4840568125571,752.9806371270037,0.45241164692586494,4-3-2-1,6-7
66,6,27,135,80,1147.9936242542205,662.2476931195897,0.48864840794718617,5-4-3-2-1,7
66,7,7,136,91,1374.1100455684962,524.501446812989,0.4881997015332863,6-5-4-3-2-1,
67,1,535,144,25,1331.867499181549,564.7942443528588,0.359776881507295,,2-3-4-5-6-7
67,2,189,150,49,1291.0131992062497,621.8261825038016,0.43371403533428954,1,3-4-5-6-7
67,3,31,144,95,1051.271396068312,838.723701395081,0.4632217714958807,2-1,4-5-6-7
67,4,17,130,51,1405.3972690798764,768.9062479019171,0.3612985297003892,3-2-1,5-6-7
67,5,186,147,64,1271.3857971934635,781.039296222289,0.4957186651152349,4-3-2-1,6-7
67,6,29,133,48,1215.0074643433522,656.5836637176216,0.3973395373161504,5-4-3-2-1,7
67,7,8,131,92,1023.8714460783809,981.8003457972636,0.3490118849448134,6-5-4-3-2-1,
68,1,541,146,80,1208.0047252927122,770.3280546393332,0.43544546746529705,,2-3-4-5-6-7
68,2,183,138,45,1026.4506171840953,566.7754419414578,0.3167190634632757,1,3-4-5-6-7
68,3,48,144,51,1009.3502499985666,895.0891922899892,0.33446384700519655,2-1,4-5-6-7
68,4,20,140,90,1165.6122765790255,727.1121297543514,0.44429896480679487,3-2-1,5-6-7
68,5,175,144,54,1357.7113661807896,958.9392753309437,0.4752191102278257,4-3-2-1,6-7
68,6,23,147,90,1408.061783047686,577.2215063383198,0.37899686124849147,5-4-3-2-1,7
68,7,7,140,28,1192.462681514542,738.0543446934279,0.36524449750952653,6-5-4-3-2-1,
69,1,520,145,58,1244.6604787427898,971.762496293788,0.4264981758673647,,2-3-4-5-6-7
69,2,191,133,24,1112.5011256059468,973.4784052952276,0.37038587585290944,1,3-4-5-6-7
69,3,38,134,27,1222.7814966394185,641.4748255593329,0.35437044092204073,2-1,4-5-6-7
69,4,12,138,33,1154.506130343368,556.2150910493307,0.3484985460803537,3-2-1,5-6-7
69,5,188,144,75,1001.0747244946532,793.9782118220094,0.42813662386324824,4-3-2-1,6-7
69,6,22,144,53,1436.8253228935475,640.2332539666259,0.457866428946827,5-4-3-2-1,7
69,7,10,149,48,1378.7178397654457,724.9955980418255,0.39618944608248496,6-5-4-3-2-1,
70,1,526,131,88,1403.4351034996685,957.626508400295,0.36600367811014783,,2-3-4-5-6-7
70,2,183,139,26,1229.4740537178814,871.4677208190046,0.3322027931963277,1,3-4-5-6-7
70,3,46,147,97,1019.7228026420856,620.8883206595078,0.4127584765114525,2-1,4-5-6-7
70,4,17,146,57,1329.13803594001,967.4525429988278,0.43695171480981376,3-2-1,5-6-7
70,5,180,143,99,1168.3703335126697,980.6209348054416,0.46902004834398164,4-3-2-1,6-7
70,6,23,141,82,1437.2785838611317,906.7355265151218,0.4108383419390278,5-4-3-2-1,7
70,7,9,130,50,1449.5073051386116,944.203384121352,0.3982482062014934,6-5-4-3-2-1,
71,1,519,141,48,1216.6040136568718,784.1054291776206,0.3134879222510132,,2-3-4-5-6-7
71,2,178,136,28,1094.3962415110682,820.6229884889367,0.412112677561089,1,3-4-5-6-7
71,3,43,130,29,1474.5350588296114,585.4522566715746,0.38729997114458947,2-1,4-5-6-7
71,4,20,137,33,1019.9449156770578,722.4918890996805,0.3554734844488665,3-2-1,5-6-7
71,5,190,141,100,1339.0877529511256,893.1519762636258,0.3026178526891806,4-3-2-1,6-7
71,6,25,139,94,1104.4814555191633,650.798765882113,0.3372960891872262,5-4-3-2-1,7
71,7,10,131,22,1415.304131497728,755.6375472237805,0.45078457756727325,6-5-4-3-2-1,
72,1,515,147,96,1465.643005417327,681.3409466316886,0.37758007812684974,,2-3-4-5-6-7
72,2,190,142,54,1398.5849124315696,835.0529015087996,0.34141617207749475,1,3-4-5-6-7
72,3,43,136,31,1099.0279387509072,760.4060075578298,0.3176839362445896,2-1,4-5-6-7
72,4,14,144,34,1026.6989743613915,890.5436979323802,0.3637431299042824,3-2-1,5-6-7
72,5,197,136,78,1143.2341182407097,763.9526699376443,0.3668018353628848,4-3-2-1,6-7
72,6,27,148,84,1195.2352144218753,676.1117347392337,0.4384224624452334,5-4-3-2-1,7
72,7,8,135,80,1387.5753976695448,804.5690872069376,0.44242168356345857,6-5-4-3-2-1,
73,1,587,132,94,1287.042953946901,603.2536430323762,0.4661963316092618,,2-3-4-5-6-7
73,2,190,135,83,1134.394703187913,758.4778146430415,0.39914760375021796,1,3-4-5-6-7
73,3,31,147,74,1426.1331647925733,767.3339204971387,0.36260303999840615,2-1,4-5-6-7
73,4,11,146,29,1438.8333806280634,989.3705419514873,0.35125204902721446,3-2-1,5-6-7
73,5,188,150,42,1237.652673709228,893.3432701484487,0.47112313271195605,4-3-2-1,6-7
73,6,24,150,68,1009.1559427029438,609.9783009140989,0.4965894417125656,5-4-3-2-1,7
73,7,10,149,42,1092.831698559968,900.035867836946,0.41471036409917866,6-5-4-3-2-1,
74,1,558,131,56,1263.2694860799766,625.2997999431994,0.3146362175778839,,2-3-4-5-6-7
74,2,173,144,69,1035.3982910052564,835.1329855512695,0.3367623752993946,1,3-4-5-6-7
74,3,39,145,52,1476.407904005123,928.8077881911086,0.4142956197039061,2-1,4-5-6-7
74,4,11,142,93,1359.3495402137698,958.7247773891838,0.3239928637180118,3-2-1,5-6-7
74,5,182,134,73,1153.436320652488,779.2659830626292,0.3192080467291994,4-3-2-1,6-7
74,6,22,143,77,1357.9683016689432,543.6437298190757,0.33808267871392006,5-4-3-2-1,7
74,7,7,137,86,1234.4696237489486,549.8579084927654,0.3598957341328012,6-5-4-3-2-1,
75,1,530,150,78,1473.3247444622134,887.3394399140473,0.4994276903287418,,2-3-4-5-6-7
75,2,188,130,75,1080.7813140189885,942.7915417781041,0.3551027125900925,1,3-4-5-6-7
75,3,35,136,96,1052.7085389182164,887.4191908801903,0.3023019819674688,2-1,4-5-6-7
75,4,11,136,53,1319.0882195713048,851.82838030725,0.44546107286158787,3-2-1,5-6-7
75,5,196,140,45,1227.9602295892828,974.2752903178236,0.39414648847876826,4-3-2-1,6-7
75,6,26,131,66,1081.7053737512342,508.29083893902464,0.35530904141800795,5-4-3-2-1,7
75,7,9,143,61,1070.8273249300062,851.001958258299,0.3858088553207807,6-5-4-3-2-1,
76,1,581,148,30,1191.2184367513578,999.4375328948704,0.3260837124476819,,2-3-4-5-6-7
76,2,170,150,35,1418.5338005453864,515.5726633869584,0.33565413961359514,1,3-4-5-6-7
76,3,42,141,96,1356.4591004651363,541.732806117871,0.4559523884280239,2-1,4-5-6-7
76,4,10,136,72,1233.0887653018165,727.946276667484,0.45179925201546595,3-2-1,5-6-7
76,5,176,134,98,1336.6648867762647,993.7714717806045,0.390493247475956,4-3-2-1,6-7
76,6,22,149,74,1217.1944790294863,525.2425776945389,0.43986805630861175,5-4-3-2-1,7
76,7,8,136,63,1022.0078765027631,514.0147163095565,0.4684904769775176,6-5-4-3-2-1,
77,1,595,140,21,1157.246356210988,503.3483121734556,0.46177771604136186,,2-3-4-5-6-7
77,2,175,142,26,1404.9029750651903,785.2874968055046,0.44736015545565977,1,3-4-5-6-7
77,3,39,139,85,1078.0995841660867,546.4266060702614,0.343343598750587,2-1,4-5-6-7
77,4,19,143,80,1299.038124657603,755.9596893155503,0.4503276806686733,3-2-1,5-6-7
77,5,175,132,32,1252.1398523521573,875.9701396730621,0.4316181344269944,4-3-2-1,6-7
77,6,23,141,56,1387.1539335359817,910.8386825265345,0.48583389446145786,5-4-3-2-1,7
77,7,9,132,45,1195.3142747380803,600.3125174779901,0.4685500819850662,6-5-4-3-2-1,
78,1,569,132,82,1070.980616585621,966.6501038311051,0.34833588534475984,,2-3-4-5-6-7
78,2,177,140,55,1126.2560247391812,582.534229938584,0.43515851900989055,1,3-4-5-6-7
78,3,35,135,69,1475.4763431432268,833.6544192482185,0.35198279699073515,2-1,4-5-6-7
78,4,19,134,44,1165.8703327706253,827.9638363122125,0.37135967781919715,3-2-1,5-6-7
78,5,185,145,45,1084.2714739611863,952.5066561582978,0.3985972826865838,4-3-2-1,6-7
78,6,22,145,58,1104.294567374465,982.4138153666472,0.3045767084738505,5-4-3-2-1,7
78,7,9,147,74,1041.9250184321565,738.1750481520477,0.48926292939075056,6-5-4-3-2-1,
79,1,541,138,57,1154.8000530470456,531.0263600827218,0.3228734924107367,,2-3-4-5-6-7
79,2,176,149,94,1156.61993721297,953.9258742183038,0.3096233003637448,1,3-4-5-6-7
79,3,50,135,71,1115.236336747107,597.4022231940633,0.4219906961932559,2-1,4-5-6-7
79,4,18,148,82,1007.5475768638107,688.7976855543036,0.32954060514292055,3-2-1,5-6-7
79,5,186,146,98,1053.1709576875774,511.4171009707657,0.3483616590809018,4-3-2-1,6-7
79,6,20,149,51,1246.7206358255644,730.7941357208729,0.30322515387886384,5-4-3-2-1,7
79,7,9,135,20,1374.3767918747571,968.3533951092454,0.3008258924598706,6-5-4-3-2-1,
80,1,560,130,39,1090.5781345475946,947.0522710626813,0.4137588549089135,,2-3-4-5-6-7
80,2,186,141,68,1107.3490332090178,867.7355905809018,0.3925384098836072,1,3-4-5-6-7
80,3,34,149,58,1479.907551333832,969.7589070100892,0.30974298973149533,2-1,4-5-6-7
80,4,12,133,45,1265.8288724559782,707.2284886388754,0.4818502004400425,3-2-1,5-6-7
80,5,176,133,50,1330.963723221692,842.9504225468822,0.35541407698762845,4-3-2-1,6-7
80,6,28,139,76,1319.443083762235,886.3988211935462,0.31718571224295006,5-4-3-2-1,7
80,7,9,146,56,1468.9000431941763,750.4877793173232,0.3308792364729555,6-5-4-3-2-1,
81,1,546,138,80,1175.979464286871,748.3321326865849,0.4725824573814075,,2-3-4-5-6-7
81,2,189,150,55,1305.1713144899331,525.639119414124,0.4599025217865152,1,3-4-5-6-7
81,3,42,134,67,1383.00747658108,511.488431376388,0.32283776158631944,2-1,4-5-6-7
81,4,19,140,48,1165.9873042049876,605.3570299065068,0.48270796191213206,3-2-1,5-6-7
81,5,181,133,68,1364.888354381501,566.6706983620303,0.3947547797573722,4-3-2-1,6-7
81,6,27,132,51,1010.0594699939551,701.2262455891005,0.47510799614220184,5-4-3-2-1,7
81,7,8,143,37,1033.4066557003105,654.7150503396383,0.48666877717228063,6-5-4-3-2-1,
82,1,516,149,74,1174.6530787946513,892.5751531775926,0.4917358669227046,,2-3-4-5-6-7
82,2,170,142,68,1311.396213723332,890.3886370810301,0.4929267696078402,1,3-4-5-6-7
82,3,30,135,89,1496.6918343988068,964.5881297322592,0.31247798234993374,2-1,4-5-6-7
82,4,14,133,39,1344.0596825192042,884.9766839470892,0.32475700635289184,3-2-1,5-6-7
82,5,171,149,48,1368.1687044854543,980.0257164250579,0.43014395326749955,4-3-2-1,6-7
82,6,20,144,92,1257.5035874824487,546.5313526653181,0.3849926162940121,5-4-3-2-1,7
82,7,10,138,70,1186.6418479152057,969.7502727676027,0.48537380991322654,6-5-4-3-2-1,
83,1,567,133,69,1165.3622978475526,889.4025493135819,0.34022025666363676,,2-3-4-5-6-7
83,2,180,147,90,1453.108261008335,774.0677017479372,0.4523556191396754,1,3-4-5-6-7
83,3,49,143,92,1003.4670892905847,625.4054048644336,0.49454913892855057,2-1,4-5-6-7
83,4,14,131,78,1224.7996302797144,533.3928780351325,0.3512877972514133,3-2-1,5-6-7
83,5,172,143,23,1239.201710474264,756.849026283526,0.34022312202840616,4-3-2-1,6-7
83,6,30,138,89,1448.3405900251132,578.5452238038008,0.3088764131986947,5-4-3-2-1,7
83,7,10,144,51,1359.0142097681646,586.0556471102257,0.3414544755080493,6-5-4-3-2-1,
84,1,544,136,73,1164.736829425447,528.0007574588501,0.3095083808847066,,2-3-4-5-6-7
84,2,197,135,92,1343.4741509132562,727.1089950860678,0.30349269835622517,1,3-4-5-6-7
84,3,50,144,32,1209.8744478949836,900.5712840332815,0.4181869949109818,2-1,4-5-6-7
84,4,20,131,93,1330.9582315175303,846.8331115005615,0.41084213035243766,3-2-1,5-6-7
84,5,184,137,24,1124.458582298175,958.9345966963842,0.4546141809804565,4-3-2-1,6-7
84,6,23,130,52,1320.7441658957096,860.2112828288783,0.3210149260986736,5-4-3-2-1,7
84,7,8,132,79,1268.0649955512515,708.271458344028,0.48859812345580106,6-5-4-3-2-1,
85,1,518,133,55,1367.105017495914,973.1366825408081,0.31069194433921776,,2-3-4-5-6-7
85,2,174,131,24,1247.9871644219,554.2062237638772,0.4500028282735118,1,3-4-5-6-7
85,3,46,145,69,1169.0204537142222,935.8323563354445,0.39091913904462383,2-1,4-5-6-7
85,4,11,143,75,1052.8213003371065,819.8436007389948,0.3501961447966843,3-2-1,5-6-7
85,5,173,136,26,1108.4913486896728,849.2422885810404,0.383229505762812,4-3-2-1,6-7
85,6,28,132,22,1456.673300368695,646.4320759486817,0.4759282353038336,5-4-3-2-1,7
85,7,7,142,93,1469.9864424420507,922.2979048801373,0.35407635818891625,6-5-4-3-2-1,
86,1,565,145,44,1468.1377974117622,890.6071235263539,0.47683755841658737,,2-3-4-5-6-7
86,2,177,142,75,1228.7727517568278,593.4660261978514,0.48830801954375025,1,3-4-5-6-7
86,3,48,141,93,1209.6029367978947,997.8747904815268,0.3034204040237212,2-1,4-5-6-7
86,4,13,133,40,1365.8255150431492,617.2908119040454,0.33673846023329385,3-2-1,5-6-7
86,5,198,136,53,1342.6526751578679,735.4176000351315,0.45221456984676767,4-3-2-1,6-7
86,6,23,132,54,1127.1971386174466,735.296267018266,0.354783708433412,5-4-3-2-1,7
86,7,9,139,94,1417.8062455874624,903.0925586380689,0.48236640337071823,6-5-4-3-2-1,
87,1,520,134,35,1285.9071808532003,947.302155436441,0.47389076923227724,,2-3-4-5-6-7
87,2,174,147,84,1253.6174036710083,596.2219960868905,0.42466951416523685,1,3-4-5-6-7
87,3,43,147,30,1499.279879698556,939.9146100161404,0.3040948837319716,2-1,4-5-6-7
87,4,20,140,42,1072.214911394397,617.5670891933086,0.49374635800806776,3-2-1,5-6-7
87,5,188,133,51,1355.3034448878448,920.4278407470383,0.4740748379666218,4-3-2-1,6-7
87,6,25,145,68,1435.6439743880155,790.427802515072,0.35249704106144897,5-4-3-2-1,7
87,7,10,148,48,1369.2648327499824,547.384376214582,0.47020116766773984,6-5-4-3-2-1,
88,1,560,136,44,1041.8227170303305,895.606123716404,0.4565567639710581,,2-3-4-5-6-7
88,2,182,130,23,1498.37903158067,658.6094819611382,0.334610154614514,1,3-4-5-6-7
88,3,42,137,86,1175.3615628988582,514.8512379987882,0.3141274174170851,2-1,4-5-6-7
88,4,20,146,33,1062.6494577206581,772.5877926769072,0.4650060342512873,3-2-1,5-6-7
88,5,173,134,92,1438.323887582192,610.7278588691476,0.40522559963323196,4-3-2-1,6-7
88,6,21,150,33,1177.557417152787,542.6434097492605,0.40848002854072774,5-4-3-2-1,7
88,7,9,138,66,1357.2118007350382,584.7799770105497,0.4554108623907839,6-5-4-3-2-1,
89,1,531,142,100,1358.24629015353,992.9630057452314,0.4768857947856912,,2-3-4-5-6-7
89,2,176,147,23,1163.188955055532,658.6257653274374,0.4081313964622524,1,3-4-5-6-7
89,3,44,146,99,1277.6949106165862,787.3849170320393,0.4039578870036573,2-1,4-5-6-7
89,4,19,136,76,1000.8542405806164,774.1560979074231,0.31441840147104283,3-2-1,5-6-7
89,5,171,143,60,1047.997706202654,851.6546873708115,0.4595130947725436,4-3-2-1,6-7
89,6,26,139,35,1172.524572053949,971.5868170406684,0.4830382846372086,5-4-3-2-1,7
89,7,7,139,24,1159.746544522804,927.9429046676426,0.3966745953262678,6-5-4-3-2-1,
90,1,558,143,34,1377.2759696820626,837.6075917747542,0.3124151895658846,,2-3-4-5-6-7
90,2,186,142,57,1259.55556995619,993.4277334178985,0.39497209600531746,1,3-4-5-6-7
90,3,45,136,37,1230.4974081332543,823.4848352383849,0.3176939676785329,2-1,4-5-6-7
90,4,16,141,28,1057.7805548181634,540.2042561751247,0.46192730537334936,3-2-1,5-6-7
90,5,175,135,56,1152.3657798658455,833.5256418473981,0.43602960593878537,4-3-2-1,6-7
90,6,22,147,70,1156.3410289681294,826.2460783637063,0.33506655388167644,5-4-3-2-1,7
90,7,7,132,80,1354.5942983700984,757.529147620639,0.4592872371850945,6-5-4-3-2-1,
91,1,529,148,54,1413.0542502889057,797.055302647575,0.34065027964060435,,2-3-4-5-6-7
91,2,177,139,25,1403.697908596642,980.4011703858655,0.33389551645565724,1,3-4-5-6-7
91,3,43,135,61,1229.0736792074904,541.0314993747445,0.4757594021717723,2-1,4-5-6-7
91,4,15,130,63,1081.194025834919,521.9495385959132,0.4511666651862769,3-2-1,5-6-7
91,5,175,146,48,1111.4656937392117,776.3158176814646,0.4488740313942329,4-3-2-1,6-7
91,6,21,132,74,1153.7345023494477,686.9786080302756,0.4775527701786297,5-4-3-2-1,7
91,7,9,139,95,1295.5990571789753,721.5579734351899,0.4360405618453843,6-5-4-3-2-1,
92,1,510,144,44,1340.243908012817,590.7888392990042,0.43655959034746755,,2-3-4-5-6-7
92,2,189,143,56,1419.6092185214259,983.0063220129051,0.3214956838756289,1,3-4-5-6-7
92,3,37,133,90,1127.3742831945024,752.5783678801276,0.38351587186533254,2-1,4-5-6-7
92,4,16,148,92,1070.3873542270842,805.7950111543529,0.4629043671412891,3-2-1,5-6-7
92,5,191,135,66,1499.3648971952891,977.7669335179571,0.43323702967007627,4-3-2-1,6-7
92,6,29,133,49,1496.9459238013358,578.5530364503171,0.461536650267883,5-4-3-2-1,7
92,7,9,144,78,1231.9064198169287,555.7171974134391,0.36678461598447765,6-5-4-3-2-1,
93,1,566,141,30,1405.7050503224273,705.2912758211128,0.4404702213642018,,2-3-4-5-6-7
93,2,199,132,58,1449.69695379997,514.531099532806,0.3616119924446339,1,3-4-5-6-7
93,3,32,138,42,1425.0260740709662,517.3705670722195,0.45706470976220465,2-1,4-5-6-7
93,4,14,130,53,1210.9281426448563,923.7023308776526,0.4947225894347319,3-2-1,5-6-7
93,5,193,135,78,1330.794815704106,671.1066617069825,0.4447079545386273,4-3-2-1,6-7
93,6,28,137,94,1343.5194099770952,670.3016846929905,0.35189523368246245,5-4-3-2-1,7
93,7,9,137,57,1194.5046351094168,602.6501847284349,0.4329609290067299,6-5-4-3-2-1,
94,1,519,143,69,1387.3310829555644,977.0258442590443,0.4196435770321636,,2-3-4-5-6-7
94,2,172,135,54,1222.3994146633322,851.6924920325841,0.39761150901279807,1,3-4-5-6-7
94,3,48,137,53,1007.0663789992502,640.5858532607618,0.3752438535641454,2-1,4-5-6-7
94,4,17,139,56,1040.86307990496,544.2174732401477,0.46324401767222007,3-2-1,5-6-7
94,5,175,145,60,1214.2676862017765,537.2182000893791,0.37346970379747285,4-3-2-1,6-7
94,6,29,141,60,1120.1427163535586,781.8238429929597,0.46243324042845513,5-4-3-2-1,7
94,7,10,143,36,1102.886618391717,904.8776809445558,0.39642605285426985,6-5-4-3-2-1,
95,1,566,145,63,1016.4309175001016,997.0056512999874,0.48679358413351403,,2-3-4-5-6-7
95,2,176,139,60,1314.4221147733526,575.098773695789,0.347864119112312,1,3-4-5-6-7
95,3,45,134,39,1354.5615181529727,794.3281551082995,0.3948616490542562,2-1,4-5-6-7
95,4,17,143,59,1041.3962428796622,580.6366801446788,0.49041630589703067,3-2-1,5-6-7
95,5,177,142,62,1217.1242610567626,540.0056915291005,0.40362012116592755,4-3-2-1,6-7
95,6,28,133,32,1052.4169398188883,873.7157925503052,0.3547477397056334,5-4-3-2-1,7
95,7,9,145,69,1430.332382557389,738.0718298925634,0.3301060971607161,6-5-4-3-2-1,
96,1,510,143,65,1387.949437795915,611.0739417545612,0.4146990077181176,,2-3-4-5-6-7
96,2,175,144,95,1386.3863649279429,568.9017157289621,0.3062837652512197,1,3-4-5-6-7
96,3,44,136,85,1318.8942016463934,674.1823367833558,0.4649580990683928,2-1,4-5-6-7
96,4,20,145,96,1071.1099661180472,729.2080760624926,0.34025884350247465,3-2-1,5-6-7
96,5,189,147,84,1420.9949105403468,553.5443640499684,0.434960982933591,4-3-2-1,6-7
96,6,20,134,77,1221.4159082181372,836.472955545606,0.372461848897246,5-4-3-2-1,7
96,7,10,149,39,1336.1156936741331,605.3514015687077,0.3547217871560203,6-5-4-3-2-1,
97,1,553,142,49,1006.4528188203705,809.5209551883677,0.30078706121656024,,2-3-4-5-6-7
97,2,172,137,31,1461.1991115831663,812.2817648743473,0.36907922350696004,1,3-4-5-6-7
97,3,36,136,39,1109.6501103653131,785.4127053832912,0.48696559764979463,2-1,4-5-6-7
97,4,19,143,33,1484.1498954377053,553.2323821182483,0.31888494659512295,3-2-1,5-6-7
97,5,183,137,70,1248.3855136807083,894.2409633654713,0.48210092109431846,4-3-2-1,6-7
97,6,30,132,84,1000.3989138827836,527.7737341732491,0.3329404912105755,5-4-3-2-1,7
97,7,10,148,39,1435.8401582446381,616.5824160581592,0.31846211952178965,6-5-4-3-2-1,
98,1,578,132,51,1143.4075773207105,821.7310003000507,0.4663713778845189,,2-3-4-5-6-7
98,2,178,147,39,1232.3441801642082,523.3964778935881,0.35328198049399606,1,3-4-5-6-7
98,3,43,142,71,1120.1592644418924,743.619924258267,0.43441284006502145,2-1,4-5-6-7
98,4,10,139,42,1426.16487831241,991.2799929474459,0.39318347498937406,3-2-1,5-6-7
98,5,179,142,92,1220.688644584793,718.5318322451045,0.37650201028809294,4-3-2-1,6-7
98,6,27,137,61,1121.719605159273,613.2014742335315,0.4539005250791975,5-4-3-2-1,7
98,7,7,145,76,1278.2305814608417,765.5248900936892,0.46198212939473926,6-5-4-3-2-1,
99,1,555,149,75,1200.6748748234936,905.0997707072819,0.47757317756397777,,2-3-4-5-6-7
99,2,197,146,85,1325.9075267082324,743.8967724877094,0.4514337584128707,1,3-4-5-6-7
99,3,50,145,33,1409.9911071914944,511.9540463148236,0.4927373784425021,2-1,4-5-6-7
99,4,11,140,62,1439.1589643841621,933.4353763973521,0.317968603886537,3-2-1,5-6-7
99,5,196,134,28,1417.4826348614151,910.5573175912257,0.34302949947036876,4-3-2-1,6-7
99,6,24,140,46,1198.4169279301545,586.3085727571186,0.4964735685490026,5-4-3-2-1,7
99,7,9,146,27,1379.1020662441647,630.9674281329455,0.4331624658882809,6-5-4-3-2-1,
100,1,547,130,32,1369.7263590887885,891.3431191638713,0.4525295261840222,,2-3-4-5-6-7
100,2,191,145,32,1467.8577178960559,776.0720656176468,0.3857898667038809,1,3-4-5-6-7
100,3,46,131,45,1481.5344890333843,843.7386843839558,0.42798418155191165,2-1,4-5-6-7
100,4,14,130,48,1106.4343013199045,687.5022927160478,0.47774508292322565,3-2-1,5-6-7
100,5,175,144,95,1407.9477745501895,510.37064620846485,0.38151489129628835,4-3-2-1,6-7
100,6,29,145,42,1169.123419655743,831.0910874606243,0.31704664370578267,5-4-3-2-1,7
100,7,10,148,41,1425.9541056031687,942.2843028652662,0.3045455592559454,6-5-4-3-2-1,
101,1,584,140,26,1079.21848099746,622.8015506856492,0.463541934060399,,2-3-4-5-6-7
101,2,178,134,62,1292.8265652867833,559.5371583044562,0.4393298571911086,1,3-4-5-6-7
101,3,35,131,90,1082.786975980464,859.0521637299424,0.38969950516704355,2-1,4-5-6-7
101,4,18,130,86,1197.8673834710255,703.1487593217346,0.3954581808267341,3-2-1,5-6-7
101,5,192,139,65,1344.8676154063146,603.250703239816,0.39179938038973516,4-3-2-1,6-7
101,6,25,138,21,1318.5109176250137,711.5972424851192,0.36476776260706817,5-4-3-2-1,7
101,7,10,149,84,1232.4922923366344,506.03275348516485,0.3145335553368895,6-5-4-3-2-1,
102,1,527,132,90,1401.677735604532,787.8925811138959,0.49038232371690194,,2-3-4-5-6-7
102,2,185,140,97,1480.7765802604135,731.9378938552929,0.4871053743755642,1,3-4-5-6-7
102,3,33,147,70,1479.2031434016226,612.2272272756031,0.32024832804591125,2-1,4-5-6-7
102,4,18,136,61,1102.557049567102,847.8328876925013,0.4602175410757897,3-2-1,5-6-7
102,5,178,149,53,1330.8061869709463,923.0300594654288,0.3653381926012664,4-3-2-1,6-7
102,6,26,150,85,1134.765510700463,758.7048863299339,0.48234790615923623,5-4-3-2-1,7
102,7,10,141,72,1409.0688944765739,622.3356720709185,0.3765748213384439,6-5-4-3-2-1,
103,1,517,130,27,1475.7628929318719,619.7094294695364,0.30863632120469575,,2-3-4-5-6-7
103,2,189,137,40,1236.1670997006968,544.7343021330946,0.3592269384699954,1,3-4-5-6-7
103,3,45,146,46,1095.7042300989447,663.5958032249542,0.4899652517565968,2-1,4-5-6-7
103,4,13,146,92,1173.5116534629672,927.5986925601076,0.3292082435711499,3-2-1,5-6-7
103,5,172,133,86,1052.6846199708436,988.4391262820884,0.334940071371565,4-3-2-1,6-7
103,6,23,143,86,1383.3768753287973,992.510705625385,0.4697533107793831,5-4-3-2-1,7
103,7,7,134,65,1296.8093564374572,756.0639931778092,0.30944689854261803,6-5-4-3-2-1,
104,1,550,131,65,1003.09462637748,558.8879546471142,0.4856311822760339,,2-3-4-5-6-7
104,2,192,137,36,1308.7957501344495,545.0838045232836,0.4367101081034881,1,3-4-5-6-7
104,3,30,146,52,1155.655669315055,730.4970259949629,0.37294270641840166,2-1,4-5-6-7
104,4,11,139,36,1317.36855671864,909.7193708432332,0.3029698837386499,3-2-1,5-6-7
104,5,183,140,59,1182.1213452128263,583.9958471206504,0.3330294231294592,4-3-2-1,6-7
104,6,26,144,91,1336.0411829265474,850.9278296552243,0.45377259735140607,5-4-3-2-1,7
104,7,7,132,93,1362.5321687447906,728.3586645820558,0.3400480201376299,6-5-4-3-2-1,
105,1,562,135,44,1151.9125520695036,532.1214495678449,0.413348480337784,,2-3-4-5-6-7
105,2,194,139,66,1260.4227508194222,705.4171557227176,0.419930074768293,1,3-4-5-6-7
105,3,44,135,60,1468.5294608051786,758.0444358208076,0.49120960080434695,2-1,4-5-6-7
105,4,10,135,46,1142.317182458878,561.3986564084495,0.44709329606013704,3-2-1,5-6-7
105,5,189,137,42,1051.845726286237,699.3821923623593,0.4322141427378117,4-3-2-1,6-7
105,6,20,140,43,1074.5326816870102,957.5792114615411,0.4849986823002422,5-4-3-2-1,7
105,7,10,146,41,1059.1581035621546,875.3908978095894,0.48657970833040876,6-5-4-3-2-1,
106,1,561,138,72,1437.3710400726486,971.0608005304177,0.3318834807705447,,2-3-4-5-6-7
106,2,192,140,76,1244.3253034071179,632.1102306281141,0.4400394899030486,1,3-4-5-6-7
106,3,38,138,20,1313.9655652567594,935.8630402001245,0.43966829630448406,2-1,4-5-6-7
106,4,10,133,45,1442.4767589876487,759.2874846711077,0.4877967599115557,3-2-1,5-6-7
106,5,193,144,48,1076.9003221329344,516.494788821193,0.3987849235866391,4-3-2-1,6-7
106,6,28,131,23,1363.0501715918042,868.8445713623187,0.46788795610020445,5-4-3-2-1,7
106,7,7,134,70,1241.550318076134,507.93521225668036,0.30536456199718603,6-5-4-3-2-1,
107,1,528,132,21,1063.4018137427934,620.4632595445725,0.4157857398151925,,2-3-4-5-6-7
107,2,175,145,85,1143.5012229636097,581.8218043033177,0.4302640949271004,1,3-4-5-6-7
107,3,37,132,22,1437.1058416770697,982.0267840723347,0.3397149106832062,2-1,4-5-6-7
107,4,13,135,59,1365.6364817737483,848.4379625130948,0.3930273436287253,3-2-1,5-6-7
107,5,182,135,64,1091.5915644458505,634.5954995087393,0.4415841505054302,4-3-2-1,6-7
107,6,30,141,23,1387.079915237328,915.94091879645,0.356469218362143,5-4-3-2-1,7
107,7,7,136,85,1064.4097498672186,740.7668838652198,0.39243105311782456,6-5-4-3-2-1,
108,1,517,145,53,1363.2746901624932,856.8944834971796,0.38098074067118637,,2-3-4-5-6-7
108,2,198,149,67,1174.2443568206693,895.5574915688273,0.30464398248987595,1,3-4-5-6-7
108,3,34,144,69,1138.5440313675995,663.990639305053,0.3929226753260511,2-1,4-5-6-7
108,4,17,138,95,1007.4197488470403,823.6879106109764,0.3972108071093993,3-2-1,5-6-7
108,5,200,148,78,1389.485255328955,618.9488949743113,0.4400414150982056,4-3-2-1,6-7
108,6,27,131,35,1493.7201522600494,537.9682784903001,0.40304028095150457,5-4-3-2-1,7
108,7,9,145,35,1479.4082813144985,693.3152192900408,0.33773398259272003,6-5-4-3-2-1,
109,1,586,148,83,1054.0921434070701,629.3975487303532,0.48014246997236354,,2-3-4-5-6-7
109,2,187,148,94,1335.577114270006,760.304325273758,0.44473373262657456,1,3-4-5-6-7
109,3,41,135,70,1276.4916416634283,967.0652334455895,0.40880076671519916,2-1,4-5-6-7
109,4,10,146,57,1011.4230897429733,541.9442028935335,0.45955260231110345,3-2-1,5-6-7
109,5,180,148,88,1397.2327599766063,788.8496121447795,0.3829197250748249,4-3-2-1,6-7
109,6,30,138,83,1409.184724288582,839.927156160194,0.3117474590336966,5-4-3-2-1,7
109,7,9,137,41,1243.3185115032477,991.341039410664,0.4022137817209055,6-5-4-3-2-1,
110,1,570,147,81,1028.573970714216,843.4882898777075,0.39837676116880644,,2-3-4-5-6-7
110,2,183,141,75,1456.317990579761,897.0469248131942,0.40475513453480017,1,3-4-5-6-7
110,3,48,150,76,1316.2173516298292,722.6957556303988,0.3918201304840472,2-1,4-5-6-7
110,4,20,146,35,1167.6764681519192,786.198851428999,0.4486389500135266,3-2-1,5-6-7
110,5,171,142,81,1438.4425381411947,639.9959341807074,0.34982708413031943,4-3-2-1,6-7
110,6,24,150,60,1303.108739750278,878.1746451792015,0.4334827040282372,5-4-3-2-1,7
110,7,7,147,45,1309.2318319914775,975.7951123615196,0.45954337399565964,6-5-4-3-2-1,
111,1,570,146,70,1141.5431502538472,579.5395014215455,0.4480614371459356,,2-3-4-5-6-7
111,2,185,146,68,1031.2864767226772,504.5872409749599,0.4864476849905945,1,3-4-5-6-7
111,3,46,143,57,1316.3900296076808,675.5231527090248,0.4045915579339593,2-1,4-5-6-7
111,4,13,148,93,1200.2516150071692,948.0623627062854,0.4635600543448625,3-2-1,5-6-7
111,5,198,131,90,1279.6583188639324,578.7721621717324,0.3503980015330226,4-3-2-1,6-7
111,6,26,131,96,1221.0956884920968,935.4212947378684,0.41936284322306133,5-4-3-2-1,7
111,7,10,149,67,1199.647135301697,858.8627293688033,0.36770310970725695,6-5-4-3-2-1,
112,1,513,145,43,1227.433205897282,596.2966023859689,0.34087232867777734,,2-3-4-5-6-7
112,2,193,130,92,1115.8229958631732,840.4046160642811,0.4134217068590162,1,3-4-5-6-7
112,3,43,141,57,1013.0091630420558,787.4330606909746,0.34088525939743153,2-1,4-5-6-7
112,4,19,145,70,1369.3119668266559,799.7143959214533,0.4211366069261739,3-2-1,5-6-7
112,5,173,135,98,1429.6118226780309,816.603031049114,0.3526754627609962,4-3-2-1,6-7
112,6,26,134,29,1237.3668002287277,783.1028986824433,0.4331808344594027,5-4-3-2-1,7
112,7,8,141,82,1473.6195999486663,999.374938786988,0.40331896131226874,6-5-4-3-2-1,
113,1,588,145,46,1468.2439376743068,571.2355413039279,0.38674890423087355,,2-3-4-5-6-7
113,2,192,147,54,1468.5144995898581,780.4418987790734,0.31922743398865666,1,3-4-5-6-7
113,3,50,145,53,1033.9989248450077,607.5959792978724,0.4092913665856761,2-1,4-5-6-7
113,4,15,145,72,1172.8363979906078,929.6993368861806,0.4074495877411745,3-2-1,5-6-7
113,5,197,145,66,1371.490292098746,515.8004263029064,0.4482002620210157,4-3-2-1,6-7
113,6,20,148,86,1152.2247283930305,516.3519011070094,0.3929091717896411,5-4-3-2-1,7
113,7,7,140,92,1354.1929243291938,857.7613652373457,0.43839119681568606,6-5-4-3-2-1,
114,1,565,133,54,1181.3358860394528,765.4051634097855,0.3499670675206597,,2-3-4-5-6-7
114,2,178,150,93,1019.1921049070984,741.1222257243688,0.39600315436377337,1,3-4-5-6-7
114,3,47,134,92,1401.1580884134987,709.7772796151967,0.4032600281562155,2-1,4-5-6-7
114,4,18,138,24,1346.9470466473317,762.3436643368495,0.401402276903951,3-2-1,5-6-7
114,5,186,145,39,1079.0216827248164,970.9851742340866,0.4341307246508863,4-3-2-1,6-7
114,6,22,136,60,1067.2892652449746,916.126170114349,0.4077382304972529,5-4-3-2-1,7
114,7,9,139,87,1170.303289017618,523.9584004711238,0.3359515810024347,6-5-4-3-2-1,
115,1,523,135,20,1085.0124300956231,647.2081924266568,0.31555117903705826,,2-3-4-5-6-7
115,2,196,138,37,1124.1095786625503,731.7455220435569,0.4446186033099442,1,3-4-5-6-7
115,3,43,150,26,1048.1178487613956,605.8918926154043,0.3796952598042879,2-1,4-5-6-7
115,4,20,150,96,1422.3280586150804,618.8650830846196,0.44178849383878116,3-2-1,5-6-7
115,5,172,135,36,1005.8370315888537,879.2333848231435,0.3675182943620071,4-3-2-1,6-7
115,6,27,139,24,1258.028971497798,856.6403001435768,0.38560053835338337,5-4-3-2-1,7
115,7,10,131,28,1015.0889801454957,897.9970464136638,0.3408751801654307,6-5-4-3-2-1,
116,1,595,144,69,1394.0518278396826,727.9454630385434,0.4352657366755851,,2-3-4-5-6-7
116,2,198,142,40,1141.216583499932,571.7690882787596,0.4595883520614847,1,3-4-5-6-7
116,3,33,148,68,1409.4730786574548,557.3569935567455,0.3697281938857235,2-1,4-5-6-7
116,4,16,145,74,1218.3571725452732,689.9335460234222,0.48955693354750207,3-2-1,5-6-7
116,5,192,131,60,1485.8333576742011,821.6514054792192,0.39238452091233994,4-3-2-1,6-7
116,6,23,136,30,1333.4377495784206,504.582948747744,0.49132663634241486,5-4-3-2-1,7
116,7,10,150,53,1262.049274037461,882.523830117806,0.45748782467767013,6-5-4-3-2-1,
117,1,590,134,23,1391.1550315238842,984.7249165594848,0.4812437312717343,,2-3-4-5-6-7
117,2,187,134,78,1002.600554437537,760.9053440778362,0.35911452319368653,1,3-4-5-6-7
117,3,40,145,40,1248.2151747771854,953.845538839663,0.3899886642656783,2-1,4-5-6-7
117,4,14,136,76,1475.2860983943506,878.4958857097554,0.3866580070189177,3-2-1,5-6-7
117,5,185,150,82,1393.7142846226388,729.9154802981044,0.3428074392633948,4-3-2-1,6-7
117,6,26,136,79,1354.7669320536204,848.4569945908979,0.39276671965410964,5-4-3-2-1,7
117,7,7,150,45,1423.3077474222757,907.659914908634,0.31977120344185234,6-5-4-3-2-1,
118,1,529,132,57,1221.4794242746732,615.2471692509768,0.3334072297895993,,2-3-4-5-6-7
118,2,176,137,48,1060.429100091587,857.5419376262923,0.35667276267125037,1,3-4-5-6-7
118,3,41,135,64,1067.693817824542,591.5674194827814,0.429298720830517,2-1,4-5-6-7
118,4,10,146,36,1371.4488676666576,747.7731648121814,0.3158803788795532,3-2-1,5-6-7
118,5,185,148,34,1252.3656387714432,844.1994672618428,0.3736844756349326,4-3-2-1,6-7
118,6,21,150,58,1033.9063991149962,535.6620496857613,0.3050398262906117,5-4-3-2-1,7
118,7,8,134,21,1047.2137945039628,649.0039215630632,0.4335936169032995,6-5-4-3-2-1,
119,1,561,142,98,1349.3949877449897,957.9299370572999,0.3276009711609013,,2-3-4-5-6-7
119,2,191,149,25,1079.8170225598853,572.5279374050839,0.36353604858179817,1,3-4-5-6-7
119,3,50,135,26,1320.3982584551318,757.9061132551769,0.3488990956603961,2-1,4-5-6-7
119,4,16,133,93,1071.0835489086526,576.9434760913223,0.41612960300721147,3-2-1,5-6-7
119,5,182,148,82,1234.4497412001392,841.769598797461,0.46189110229899843,4-3-2-1,6-7
119,6,29,132,85,1067.8815140595148,957.9529582886887,0.4726799223199502,5-4-3-2-1,7
119,7,7,140,60,1075.9646058073954,955.9547390717627,0.4378695619414877,6-5-4-3-2-1,
120,1,542,139,50,1130.004752080374,665.5086092403068,0.3503520896233495,,2-3-4-5-6-7
120,2,186,131,49,1328.2385276181021,567.8524866553231,0.4603075478361505,1,3-4-5-6-7
120,3,38,141,26,1379.6250639494244,649.0655075977168,0.44166284173960596,2-1,4-5-6-7
120,4,11,136,21,1020.7775842418232,765.9783701094817,0.4850760181381474,3-2-1,5-6-7
120,5,176,141,63,1416.2463764052554,624.3849252568263,0.4487947351290711,4-3-2-1,6-7
120,6,28,140,49,1121.0661926890239,680.7202947430228,0.3608442912880243,5-4-3-2-1,7
120,7,9,141,69,1057.8734981545113,642.7223979473944,0.446615812980419,6-5-4-3-2-1,
121,1,580,148,50,1493.4137067557454,578.445832123834,0.34006951945358616,,2-3-4-5-6-7
121,2,197,146,80,1114.953460554356,801.1623205478008,0.3264288677015483,1,3-4-5-6-7
121,3,46,137,53,1052.2176131283545,841.1345016785051,0.38636365368039877,2-1,4-5-6-7
121,4,11,132,44,1480.7720031557105,525.3360460585344,0.4818820018601164,3-2-1,5-6-7
121,5,178,142,56,1346.5120141664038,760.458993230504,0.3582509341374308,4-3-2-1,6-7
121,6,28,136,66,1033.3613096388633,878.5303580772759,0.4386004484150986,5-4-3-2-1,7
121,7,10,143,30,1451.71706368277,767.2504521345131,0.4524810724581278,6-5-4-3-2-1,
122,1,536,144,91,1194.6797080508115,795.8237584027149,0.38222786261870034,,2-3-4-5-6-7
122,2,182,133,38,1167.4223677725797,983.8607454009339,0.3132547169002842,1,3-4-5-6-7
122,3,47,149,81,1476.927290436535,559.5947576682273,0.4815025331181154,2-1,4-5-6-7
122,4,12,150,91,1398.5788608785817,853.8530964035681,0.3548185870764719,3-2-1,5-6-7
122,5,180,148,90,1424.0909726165978,896.7533227566299,0.42425740798052536,4-3-2-1,6-7
122,6,29,131,45,1309.046934149181,535.3795080023906,0.34595162777495925,5-4-3-2-1,7
122,7,8,140,99,1296.3227866390023,659.9416683234444,0.4027330876038205,6-5-4-3-2-1,
123,1,588,137,75,1076.054115658597,730.8716909230965,0.46069571661730574,,2-3-4-5-6-7
123,2,174,150,85,1344.5363300540653,669.1941619488441,0.30313527339979746,1,3-4-5-6-7
123,3,30,143,38,1037.2081523218549,720.763730401158,0.4090735468251115,2-1,4-5-6-7
123,4,12,150,95,1238.8018345216376,572.9738583856447,0.4376356159424998,3-2-1,5-6-7
123,5,199,137,92,1034.5656047717737,732.8116251909888,0.45441651435214575,4-3-2-1,6-7
123,6,22,144,78,1084.7753938428764,858.7122487685804,0.43205871292328596,5-4-3-2-1,7
123,7,9,142,41,1355.4149744229371,744.9902753369196,0.4990867680193771,6-5-4-3-2-1,
124,1,526,135,97,1157.3840748572763,960.4706078720408,0.33919468362645044,,2-3-4-5-6-7
124,2,190,137,92,1122.9377028288327,728.2030028953432,0.4879252593203603,1,3-4-5-6-7
124,3,41,139,68,1368.006788857731,817.0565790646981,0.43660166047559645,2-1,4-5-6-7
124,4,13,147,81,1293.1947431670724,932.727071779714,0.36425501338523103,3-2-1,5-6-7
124,5,199,150,23,1491.7650583891077,772.2602544247027,0.43945183692709977,4-3-2-1,6-7
124,6,29,140,34,1445.6750120309266,812.4607026520437,0.3636467177165748,5-4-3-2-1,7
124,7,10,132,68,1417.5028577092876,634.9361152132408,0.36165129064500623,6-5-4-3-2-1,
125,1,510,149,87,1144.655918965318,793.6541602598552,0.3878137883274606,,2-3-4-5-6-7
125,2,174,130,32,1419.4273381499438,723.6244317748469,0.398083733932695,1,3-4-5-6-7
125,3,45,139,49,1352.020730143383,935.2237184989551,0.3097446801319852,2-1,4-5-6-7
125,4,10,137,33,1436.2553123963364,687.6252832185105,0.4067832270801834,3-2-1,5-6-7
125,5,195,147,81,1016.3749261342945,523.600332752558,0.46722325830857403,4-3-2-1,6-7
125,6,22,135,64,1385.311935663882,735.6702040653154,0.32486932718319333,5-4-3-2-1,7
125,7,8,130,94,1273.6823870456574,660.360718500461,0.49203645826730635,6-5-4-3-2-1,
126,1,561,146,89,1137.674178384175,599.3949827861436,0.4357656171382144,,2-3-4-5-6-7
126,2,193,138,66,1086.0005014605583,671.4554460439845,0.31413775367540436,1,3-4-5-6-7
126,3,46,139,41,1306.2137223035047,806.7327917479771,0.37796408817643284,2-1,4-5-6-7
126,4,10,145,93,1227.922825111424,996.9004139927333,0.3101794253729356,3-2-1,5-6-7
126,5,191,149,43,1283.0808319852972,582.041926102475,0.4578854683219636,4-3-2-1,6-7
126,6,21,138,45,1093.22884430765,740.4436378337818,0.30122807952484926,5-4-3-2-1,7
126,7,10,144,65,1351.0727168911342,923.2791445431249,0.4963079417854075,6-5-4-3-2-1,
127,1,599,145,46,1260.5201319490975,802.1245287175323,0.3248544864606594,,2-3-4-5-6-7
127,2,191,145,20,1366.4889414225017,674.0020219384832,0.3533326221430013,1,3-4-5-6-7
127,3,35,143,86,1488.3687121489886,924.3962436190187,0.49900151962076816,2-1,4-5-6-7
127,4,15,148,70,1087.5736987181888,896.4517187828569,0.33891378594008165,3-2-1,5-6-7
127,5,198,142,24,1398.767116459282,512.4716803651669,0.37697966533640864,4-3-2-1,6-7
127,6,24,142,43,1166.4814146979081,815.3126130633358,0.4296503357102601,5-4-3-2-1,7
127,7,8,145,84,1313.8167704099508,756.3277726968793,0.3438721623646369,6-5-4-3-2-1,
128,1,582,144,96,1200.2471381899663,561.5214492348889,0.3032620858344556,,2-3-4-5-6-7
128,2,193,140,52,1011.2591737128101,978.0394538300666,0.46902913393283896,1,3-4-5-6-7
128,3,35,145,37,1045.6902265447966,571.4119775891338,0.499269040535907,2-1,4-5-6-7
128,4,13,139,70,1098.092295510019,597.3837512286195,0.32863021393809455,3-2-1,5-6-7
128,5,199,141,54,1384.0805742949965,867.8909494889508,0.3463784361194205,4-3-2-1,6-7
128,6,25,149,20,1192.6341909057307,639.009207128924,0.4527563158504158,5-4-3-2-1,7
128,7,8,149,86,1263.8475444425223,892.1141906791042,0.48933877126050723,6-5-4-3-2-1,
129,1,543,142,31,1322.737986931699,748.5204275750657,0.43536760716654743,,2-3-4-5-6-7
129,2,172,137,38,1138.6724828369654,979.563121477674,0.48537767764822914,1,3-4-5-6-7
129,3,37,143,26,1016.5448934517833,622.7520616326965,0.4523078809564432,2-1,4-5-6-7
129,4,12,145,91,1472.2126749860413,780.6051078696275,0.4291186265079314,3-2-1,5-6-7
129,5,182,148,67,1396.9215158927113,881.1270988196766,0.40152770771555624,4-3-2-1,6-7
129,6,29,143,53,1218.2889693874852,983.2348533883439,0.37183504968641906,5-4-3-2-1,7
129,7,10,141,34,1448.1037436524377,633.5111998901423,0.36041022466080014,6-5-4-3-2-1,
130,1,515,136,94,1085.215335201779,523.0662948419186,0.4562071669981332,,2-3-4-5-6-7
130,2,179,131,27,1103.174835850854,787.3080026936655,0.4287494503166691,1,3-4-5-6-7
130,3,49,143,58,1437.5598096878111,718.0918244057325,0.4879046186326735,2-1,4-5-6-7
130,4,12,135,22,1268.9516596193498,549.1919655574457,0.3524882571089213,3-2-1,5-6-7
130,5,196,143,83,1496.6958687899662,933.9879765667055,0.35077890238107684,4-3-2-1,6-7
130,6,28,143,80,1324.3595103267446,601.5793816689418,0.33145555829387263,5-4-3-2-1,7
130,7,8,149,33,1158.8046292788774,655.2608422356486,0.35108260390090273,6-5-4-3-2-1,
131,1,544,137,66,1350.9203912199116,871.547075048436,0.37235433266360274,,2-3-4-5-6-7
131,2,176,133,80,1070.2142263327494,966.8149624607672,0.33600121502632924,1,3-4-5-6-7
131,3,44,136,32,1214.4021125217564,804.6915664758801,0.47100355842877867,2-1,4-5-6-7
131,4,16,134,42,1086.533723931253,525.1107510605304,0.47620444595988,3-2-1,5-6-7
131,5,175,142,35,1447.195616437487,749.5706351430889,0.39986790444434195,4-3-2-1,6-7
131,6,28,138,73,1355.3886159116846,515.6957149659678,0.3555145248410889,5-4-3-2-1,7
131,7,9,142,56,1233.4873811758587,610.0912520870057,0.30784052543522294,6-5-4-3-2-1,
132,1,581,130,20,1407.1512041508358,657.0119367854194,0.4511540261904436,,2-3-4-5-6-7
132,2,171,137,21,1422.9879885890787,575.4328503690449,0.44054769926372295,1,3-4-5-6-7
132,3,31,145,32,1343.2130461466732,954.9451044766174,0.46802239970184856,2-1,4-5-6-7
132,4,14,143,39,1215.1914321064837,885.7017070313697,0.3498748128972651,3-2-1,5-6-7
132,5,194,134,74,1089.9426923477772,733.2385340708381,0.3124146986080661,4-3-2-1,6-7
132,6,20,142,95,1428.6309076609914,807.3127055230818,0.34359186046874124,5-4-3-2-1,7
132,7,8,143,62,1344.4368287293196,598.8708219746762,0.4194090157666866,6-5-4-3-2-1,
133,1,597,142,43,1040.9591356669619,686.116610429675,0.33479382012508424,,2-3-4-5-6-7
133,2,181,137,64,1468.0978943302505,798.5397749675349,0.36521469396511796,1,3-4-5-6-7
133,3,44,150,93,1329.5485180030787,881.4076442306628,0.34826200798768386,2-1,4-5-6-7
133,4,15,139,29,1372.451661280511,629.6573239178738,0.31227622170702946,3-2-1,5-6-7
133,5,194,144,66,1064.4240012971725,716.0514254988175,0.4453169304483082,4-3-2-1,6-7
133,6,26,148,52,1491.1283668799342,515.9982240416479,0.3620288859444755,5-4-3-2-1,7
133,7,10,130,45,1114.9107908348558,991.3935911538322,0.4719662638396592,6-5-4-3-2-1,
134,1,589,135,45,1388.00469579449,509.2817959095801,0.45043859084578786,,2-3-4-5-6-7
134,2,170,148,98,1167.4224813959836,533.7923481225412,0.3452014045488639,1,3-4-5-6-7
134,3,42,130,26,1369.8753850050161,709.8851063560357,0.42779109447536967,2-1,4-5-6-7
134,4,15,148,22,1084.0161376698384,890.913330788238,0.3716560865168838,3-2-1,5-6-7
134,5,173,149,37,1277.0836844240155,557.8373771617979,0.35717037103287425,4-3-2-1,6-7
134,6,24,148,60,1312.4428746374042,701.1767005507011,0.3470986199197411,5-4-3-2-1,7
134,7,10,131,91,1329.4322449437286,693.9459970897561,0.43384475664590794,6-5-4-3-2-1,
135,1,532,146,80,1186.0540165823022,868.5478256699898,0.42679495391319,,2-3-4-5-6-7
135,2,172,146,98,1074.3373445031295,643.7739213310688,0.41544533833766095,1,3-4-5-6-7
135,3,44,143,22,1415.910268721375,896.9179453843469,0.41907871561043447,2-1,4-5-6-7
135,4,16,142,65,1150.0984220507385,727.9155628705095,0.4442319114869284,3-2-1,5-6-7
135,5,191,150,47,1212.2493715420785,647.6005730318665,0.3087226823564096,4-3-2-1,6-7
135,6,24,140,30,1215.0653190185562,711.5896352594689,0.37644767368821147,5-4-3-2-1,7
135,7,10,134,61,1424.596253312533,936.0087914867834,0.3730488147399609,6-5-4-3-2-1,
136,1,597,150,85,1075.3134484108364,994.4075475807992,0.44055972175418323,,2-3-4-5-6-7
136,2,186,149,45,1423.8154039653243,725.7990004903716,0.4387886359103328,1,3-4-5-6-7
136,3,49,131,63,1493.4088373774357,831.6064601846201,0.43076386758855284,2-1,4-5-6-7
136,4,11,136,57,1038.7648855199573,713.1016218197996,0.32878436408342737,3-2-1,5-6-7
136,5,200,136,44,1018.6047132601478,578.1740977248014,0.496771865732325,4-3-2-1,6-7
136,6,28,150,44,1198.405010703562,804.433175912266,0.44826069524151335,5-4-3-2-1,7
136,7,9,147,68,1263.3888042289193,853.7988048419996,0.3741651724643409,6-5-4-3-2-1,
137,1,562,130,76,1198.2069604834887,916.9171591540619,0.4606232357500782,,2-3-4-5-6-7
137,2,182,135,41,1238.2928733864867,712.4832443921696,0.46945359033102185,1,3-4-5-6-7
137,3,48,142,84,1119.2297468421327,634.4700360653762,0.393754578107139,2-1,4-5-6-7
137,4,20,145,32,1448.4217632362497,895.0054790740328,0.4670761862581904,3-2-1,5-6-7
137,5,187,144,73,1209.1771481104477,590.5840745040026,0.433656268998205,4-3-2-1,6-7
137,6,28,137,25,1279.1956549294077,757.1610096638044,0.3146854721335292,5-4-3-2-1,7
137,7,8,134,58,1304.5933785029174,556.8886422042185,0.4425299820908337,6-5-4-3-2-1,
138,1,541,146,22,1414.5479297620523,846.1535056172202,0.37562993118881244,,2-3-4-5-6-7
138,2,179,134,79,1106.5725662009368,787.1950296579553,0.3639356257978064,1,3-4-5-6-7
138,3,42,133,50,1165.999653360409,932.404796154761,0.41904744563072593,2-1,4-5-6-7
138,4,18,130,78,1288.984498333883,772.5990863613483,0.402153178025219,3-2-1,5-6-7
138,5,191,140,87,1198.6100895196691,960.5003609483261,0.48632245607837576,4-3-2-1,6-7
138,6,27,135,40,1215.9656675929637,901.0092366135584,0.4912684617911691,5-4-3-2-1,7
138,7,10,137,76,1108.8793831060314,848.4016068390954,0.37659696501089707,6-5-4-3-2-1,
139,1,522,136,22,1217.2025194713306,947.3498013710416,0.325752396165228,,2-3-4-5-6-7
139,2,185,132,27,1342.8048758450027,788.4965173670057,0.34234902745948825,1,3-4-5-6-7
139,3,41,135,31,1224.211879963932,587.2013422185952,0.4064604178443988,2-1,4-5-6-7
139,4,20,132,54,1316.1835410185154,827.6210111954294,0.40595496155133187,3-2-1,5-6-7
139,5,181,142,61,1374.836035623086,863.8347067586744,0.45994750414982766,4-3-2-1,6-7
139,6,22,145,27,1031.6456244564959,578.8786407869549,0.3221455577506476,5-4-3-2-1,7
139,7,7,137,85,1115.9761054180474,517.0218927475319,0.3554406852583516,6-5-4-3-2-1,
140,1,578,137,82,1191.0660188638326,529.7032329376945,0.47356596093836173,,2-3-4-5-6-7
140,2,180,150,57,1105.3034106068842,849.609342980023,0.39775010453473514,1,3-4-5-6-7
140,3,50,143,67,1362.844899291312,684.2535676481778,0.44734154639399915,2-1,4-5-6-7
140,4,14,145,51,1009.4696960123839,662.7856664517875,0.47990880947993714,3-2-1,5-6-7
140,5,179,135,98,1494.706764157295,666.254399452268,0.32057218174789004,4-3-2-1,6-7
140,6,27,139,21,1277.3390613440895,677.5788899203511,0.3929202365602975,5-4-3-2-1,7
140,7,8,135,46,1046.5806468218948,575.1312250764123,0.39179747463022097,6-5-4-3-2-1,
141,1,559,142,20,1187.0160777329004,901.5044894948642,0.3086062527801979,,2-3-4-5-6-7
141,2,198,135,76,1232.8182835364053,736.779395669813,0.4473444099264329,1,3-4-5-6-7
141,3,45,143,91,1016.633942823598,882.1611317282338,0.33241906853081765,2-1,4-5-6-7
141,4,18,148,34,1154.3119866728289,543.9318848699434,0.3198913538621705,3-2-1,5-6-7
141,5,185,145,71,1292.4996336148247,733.8741505445244,0.43163058646122726,4-3-2-1,6-7
141,6,24,133,55,1286.9158277668746,944.5955894225217,0.3875054110391571,5-4-3-2-1,7
141,7,8,137,62,1249.1515253115008,799.4416149402225,0.4024069958224111,6-5-4-3-2-1,
142,1,560,149,83,1345.7687341056926,810.5373893907354,0.3911696728217042,,2-3-4-5-6-7
142,2,190,143,65,1229.828052103815,683.9835285233476,0.4511332115741153,1,3-4-5-6-7
142,3,47,139,73,1448.1690207183428,887.5704918541493,0.36017331284412546,2-1,4-5-6-7
142,4,19,134,79,1272.7697884808829,516.4446490064604,0.33530350330503966,3-2-1,5-6-7
142,5,172,149,30,1402.5513364480998,649.0083468254727,0.30565030873866683,4-3-2-1,6-7
142,6,28,148,90,1404.0521597271854,511.9164538764382,0.4368651470754964,5-4-3-2-1,7
142,7,8,130,48,1188.4043770156109,981.6626714986816,0.4364928015131021,6-5-4-3-2-1,
143,1,559,136,91,1028.1365310687916,592.1033859552197,0.4750329022826924,,2-3-4-5-6-7
143,2,177,133,72,1137.0178016586615,877.5101279816804,0.3361778010092909,1,3-4-5-6-7
143,3,40,137,28,1187.9278225714547,663.4614071465212,0.37486515130297604,2-1,4-5-6-7
143,4,17,147,20,1326.8464493726092,904.1742183158667,0.33054648844465967,3-2-1,5-6-7
143,5,187,134,48,1341.5853707864524,849.7721873865621,0.47514338974585135,4-3-2-1,6-7
143,6,22,142,70,1329.4506078988782,726.9446062980763,0.4159919364175888,5-4-3-2-1,7
143,7,8,147,98,1203.6267812019871,771.4844095616052,0.314544100543543,6-5-4-3-2-1,
144,1,588,146,32,1102.2733041552553,916.5830490400651,0.378408168098401,,2-3-4-5-6-7
144,2,178,133,79,1401.8219477565133,893.0851912450951,0.3827225862848454,1,3-4-5-6-7
144,3,47,132,21,1202.59770405917,794.0313628125859,0.4427518868685791,2-1,4-5-6-7
144,4,17,148,24,1305.4640027023095,954.4004734527116,0.3514881232978216,3-2-1,5-6-7
144,5,189,150,53,1219.8668554100816,650.4455131404827,0.35070016197876913,4-3-2-1,6-7
144,6,29,147,57,1038.4448324368434,845.5585480121053,0.36239148956073874,5-4-3-2-1,7
144,7,10,135,66,1044.7691933466774,651.5765237058762,0.4689956940248934,6-5-4-3-2-1,
145,1,525,136,47,1185.6016074804872,662.227535540152,0.3319818542313874,,2-3-4-5-6-7
145,2,180,132,35,1173.2839681740252,998.1749087103645,0.3448404665717877,1,3-4-5-6-7
145,3,34,147,76,1494.4681706328938,675.9139072630028,0.4641211545886439,2-1,4-5-6-7
145,4,14,148,40,1256.0343246263471,949.6769099238761,0.472235678892861,3-2-1,5-6-7
145,5,189,139,58,1315.9212660010057,911.3272351851937,0.324456259421651,4-3-2-1,6-7
145,6,29,142,25,1097.2947770334642,685.2288219473623,0.3187222732111365,5-4-3-2-1,7
145,7,10,139,76,1235.7283686435676,595.7955088723435,0.3973772855751178,6-5-4-3-2-1,
146,1,537,135,67,1288.1876264515827,505.18362641193784,0.42464180484828584,,2-3-4-5-6-7
146,2,181,144,36,1119.5859348509834,758.1584280137505,0.4747037840314807,1,3-4-5-6-7
146,3,47,149,22,1036.1059244543271,723.1661033506527,0.3594920127723677,2-1,4-5-6-7
146,4,14,150,98,1374.922963988187,823.0217182091916,0.4951043494479524,3-2-1,5-6-7
146,5,170,142,78,1205.1804998535108,538.6790471540323,0.4146815661248109,4-3-2-1,6-7
146,6,20,135,84,1466.8239296460977,765.9997935695695,0.38839694503110506,5-4-3-2-1,7
146,7,10,146,67,1379.7033570962237,785.9078759441245,0.3498778534971972,6-5-4-3-2-1,
147,1,569,130,91,1345.5959983973007,781.1552377263454,0.3393797578727827,,2-3-4-5-6-7
147,2,188,131,48,1081.3993793913364,682.7192166611592,0.36419989363847133,1,3-4-5-6-7
147,3,45,134,28,1121.7149683875032,582.4694059452684,0.3131641171665761,2-1,4-5-6-7
147,4,18,139,31,1162.4442111175993,756.6485733740276,0.35470954531278154,3-2-1,5-6-7
147,5,182,139,54,1132.2532073944021,514.7908912838498,0.3595596261764249,4-3-2-1,6-7
147,6,21,139,37,1380.8487352955613,737.858440695596,0.4881715151701715,5-4-3-2-1,7
147,7,9,148,28,1229.679099676942,757.2888508948045,0.3270006856103577,6-5-4-3-2-1,
148,1,564,149,86,1186.7847025980632,658.4874272714873,0.47492092839348055,,2-3-4-5-6-7
148,2,199,133,57,1066.0378729528597,853.8374411774882,0.3577582612702484,1,3-4-5-6-7
148,3,48,143,31,1367.85829963316,715.3561719761932,0.35689468431470184,2-1,4-5-6-7
148,4,12,140,83,1135.462287851199,593.7167739420145,0.38546962954069786,3-2-1,5-6-7
148,5,185,131,94,1204.2363494322294,912.4984433334935,0.37643914248862936,4-3-2-1,6-7
148,6,24,140,75,1129.4953967477634,845.6458185649103,0.3369264432584298,5-4-3-2-1,7
148,7,8,131,41,1452.0599888868192,886.8835267760753,0.3106855791770788,6-5-4-3-2-1,
149,1,596,143,81,1311.9140486232009,760.6075161058873,0.49813046596638316,,2-3-4-5-6-7
149,2,195,137,53,1205.0180748814641,910.5238194430978,0.4563882379825005,1,3-4-5-6-7
149,3,36,140,37,1281.8006567942134,720.6611380188377,0.31164279279261314,2-1,4-5-6-7
149,4,19,147,60,1381.8795249184213,927.4666901581372,0.3694093605215715,3-2-1,5-6-7
149,5,190,150,84,1421.8558204324086,801.0683122421557,0.4175444724047288,4-3-2-1,6-7
149,6,20,145,56,1348.900929628839,707.8934377865132,0.3958796335725797,5-4-3-2-1,7
149,7,10,132,78,1210.260346587452,994.4588007974139,0.4325496467379194,6-5-4-3-2-1,
150,1,579,134,83,1118.4731006585828,594.7723122888738,0.35942172388692656,,2-3-4-5-6-7
150,2,191,150,53,1171.8691018538827,962.1549675248953,0.37539612776387926,1,3-4-5-6-7
150,3,44,131,76,1235.5626683824023,940.4275919692702,0.3860753896276368,2-1,4-5-6-7
150,4,16,132,58,1295.8672773276335,527.3983388458456,0.43117407047492723,3-2-1,5-6-7
150,5,177,134,71,1308.789619135618,597.8799176030595,0.398064029888385,4-3-2-1,6-7
150,6,28,145,31,1312.7515127354832,639.4773675169997,0.3690891034180886,5-4-3-2-1,7
150,7,7,136,72,1194.668168593369,944.363211444146,0.32199363781350293,6-5-4-3-2-1,
